%time,field.header.seq,field.header.stamp,field.header.frame_id,field.before_tracking,field.after_tracking,field.after_matching,field.after_ransac
1403715523912143000,3621,1403715523912143000,,62,22,9,0
1403715523962143000,3622,1403715523962143000,,20,20,20,20
1403715524012143000,3623,1403715524012143000,,24,24,22,22
1403715524062143000,3624,1403715524062143000,,25,25,24,24
1403715524112143000,3625,1403715524112143000,,25,25,24,23
1403715524162143000,3626,1403715524162143000,,25,25,25,24
1403715524212143000,3627,1403715524212143000,,26,26,25,23
1403715524262143000,3628,1403715524262143000,,26,26,25,25
1403715524312143000,3629,1403715524312143000,,28,28,26,26
1403715524362143000,3630,1403715524362143000,,29,29,29,27
1403715524412143000,3631,1403715524412143000,,29,29,28,28
1403715524462143000,3632,1403715524462143000,,29,29,29,29
1403715524512143000,3633,1403715524512143000,,30,30,30,30
1403715524562143000,3634,1403715524562143000,,30,30,28,27
1403715524612143000,3635,1403715524612143000,,27,27,26,26
1403715524662143000,3636,1403715524662143000,,29,29,28,27
1403715524712143000,3637,1403715524712143000,,30,30,29,28
1403715524762143000,3638,1403715524762143000,,29,29,28,28
1403715524812143000,3639,1403715524812143000,,29,29,19,19
1403715524862143000,3640,1403715524862143000,,22,22,19,18
1403715524912143000,3641,1403715524912143000,,25,25,21,20
1403715524962143000,3642,1403715524962143000,,26,26,23,22
1403715525012143000,3643,1403715525012143000,,26,26,25,23
1403715525062143000,3644,1403715525062143000,,30,30,28,26
1403715525112143000,3645,1403715525112143000,,31,31,31,30
1403715525162143000,3646,1403715525162143000,,31,31,28,27
1403715525212143000,3647,1403715525212143000,,32,32,28,28
1403715525262143000,3648,1403715525262143000,,30,30,25,23
1403715525312143000,3649,1403715525312143000,,25,25,24,22
1403715525362143000,3650,1403715525362143000,,28,28,24,23
1403715525412143000,3651,1403715525412143000,,26,26,24,23
1403715525462143000,3652,1403715525462143000,,27,27,26,25
1403715525512143000,3653,1403715525512143000,,29,29,25,25
1403715525562143000,3654,1403715525562143000,,29,29,25,24
1403715525612143000,3655,1403715525612143000,,27,27,26,26
1403715525662143000,3656,1403715525662143000,,28,28,24,23
1403715525712143000,3657,1403715525712143000,,27,27,23,21
1403715525762143000,3658,1403715525762143000,,27,27,23,23
1403715525812143000,3659,1403715525812143000,,26,26,19,17
1403715525862143000,3660,1403715525862143000,,25,25,19,18
1403715525912143000,3661,1403715525912143000,,24,24,19,18
1403715525962143000,3662,1403715525962143000,,26,26,19,18
1403715526012143000,3663,1403715526012143000,,26,26,19,18
1403715526062143000,3664,1403715526062143000,,29,29,23,22
1403715526112143000,3665,1403715526112143000,,28,28,24,23
1403715526162143000,3666,1403715526162143000,,30,30,23,22
1403715526212143000,3667,1403715526212143000,,26,26,23,21
1403715526262143000,3668,1403715526262143000,,27,27,21,19
1403715526312143000,3669,1403715526312143000,,23,23,20,19
1403715526362143000,3670,1403715526362143000,,27,27,22,21
1403715526412143000,3671,1403715526412143000,,27,27,20,19
1403715526462143000,3672,1403715526462143000,,27,27,21,20
1403715526512143000,3673,1403715526512143000,,25,25,19,19
1403715526562143000,3674,1403715526562143000,,26,26,22,21
1403715526612143000,3675,1403715526612143000,,26,26,21,21
1403715526662143000,3676,1403715526662143000,,31,31,21,19
1403715526712143000,3677,1403715526712143000,,24,24,19,18
1403715526762143000,3678,1403715526762143000,,24,24,22,20
1403715526812143000,3679,1403715526812143000,,28,28,22,19
1403715526862143000,3680,1403715526862143000,,26,26,18,17
1403715526912143000,3681,1403715526912143000,,23,23,20,19
1403715526962143000,3682,1403715526962143000,,26,26,23,22
1403715527012143000,3683,1403715527012143000,,26,26,26,26
1403715527062143000,3684,1403715527062143000,,26,26,19,19
1403715527112143000,3685,1403715527112143000,,23,23,19,18
1403715527162143000,3686,1403715527162143000,,24,24,22,20
1403715527212143000,3687,1403715527212143000,,27,27,25,24
1403715527262143000,3688,1403715527262143000,,30,30,27,25
1403715527312143000,3689,1403715527312143000,,29,29,23,23
1403715527362143000,3690,1403715527362143000,,29,29,24,23
1403715527412143000,3691,1403715527412143000,,26,26,25,25
1403715527462143000,3692,1403715527462143000,,28,28,24,22
1403715527512143000,3693,1403715527512143000,,26,26,22,22
1403715527562143000,3694,1403715527562143000,,28,28,25,23
1403715527612143000,3695,1403715527612143000,,27,27,24,24
1403715527662143000,3696,1403715527662143000,,29,29,26,26
1403715527712143000,3697,1403715527712143000,,31,31,28,25
1403715527762143000,3698,1403715527762143000,,28,28,28,28
1403715527812143000,3699,1403715527812143000,,31,31,28,27
1403715527862143000,3700,1403715527862143000,,31,31,30,29
1403715527912143000,3701,1403715527912143000,,32,32,31,30
1403715527962143000,3702,1403715527962143000,,31,31,31,29
1403715528012143000,3703,1403715528012143000,,32,32,29,27
1403715528062143000,3704,1403715528062143000,,30,30,27,26
1403715528112143000,3705,1403715528112143000,,30,30,25,25
1403715528162143000,3706,1403715528162143000,,29,29,27,25
1403715528212143000,3707,1403715528212143000,,29,29,26,24
1403715528262143000,3708,1403715528262143000,,30,30,30,29
1403715528312143000,3709,1403715528312143000,,31,31,28,27
1403715528362143000,3710,1403715528362143000,,31,31,27,27
1403715528412143000,3711,1403715528412143000,,31,31,27,25
1403715528462143000,3712,1403715528462143000,,31,30,25,25
1403715528512143000,3713,1403715528512143000,,29,29,26,22
1403715528562143000,3714,1403715528562143000,,29,29,23,19
1403715528612143000,3715,1403715528612143000,,26,26,24,23
1403715528662143000,3716,1403715528662143000,,25,25,21,18
1403715528712143000,3717,1403715528712143000,,29,29,25,19
1403715528762143000,3718,1403715528762143000,,26,26,21,20
1403715528812143000,3719,1403715528812143000,,32,30,25,21
1403715528862143000,3720,1403715528862143000,,35,35,28,23
1403715528912143000,3721,1403715528912143000,,33,33,28,23
1403715528962143000,3722,1403715528962143000,,29,29,23,23
1403715529012143000,3723,1403715529012143000,,27,27,23,22
1403715529062143000,3724,1403715529062143000,,26,26,25,21
1403715529112143000,3725,1403715529112143000,,26,26,22,22
1403715529162143000,3726,1403715529162143000,,24,24,23,23
1403715529212143000,3727,1403715529212143000,,31,31,30,27
1403715529262143000,3728,1403715529262143000,,39,38,36,29
1403715529312143000,3729,1403715529312143000,,34,34,34,30
1403715529362143000,3730,1403715529362143000,,42,42,41,35
1403715529412143000,3731,1403715529412143000,,49,49,47,40
1403715529462143000,3732,1403715529462143000,,54,53,51,47
1403715529512143000,3733,1403715529512143000,,54,54,52,48
1403715529562143000,3734,1403715529562143000,,52,51,51,49
1403715529612143000,3735,1403715529612143000,,56,56,54,53
1403715529662143000,3736,1403715529662143000,,57,57,56,56
1403715529712143000,3737,1403715529712143000,,57,57,56,52
1403715529762143000,3738,1403715529762143000,,56,56,55,52
1403715529812143000,3739,1403715529812143000,,56,56,54,54
1403715529862143000,3740,1403715529862143000,,60,59,59,59
1403715529912143000,3741,1403715529912143000,,63,63,62,60
1403715529962143000,3742,1403715529962143000,,65,65,64,64
1403715530012143000,3743,1403715530012143000,,65,62,61,57
1403715530062143000,3744,1403715530062143000,,62,62,58,58
1403715530112143000,3745,1403715530112143000,,60,60,59,56
1403715530162143000,3746,1403715530162143000,,57,43,39,13
1403715530212143000,3747,1403715530212143000,,51,51,51,44
1403715530262143000,3748,1403715530262143000,,53,53,53,52
1403715530312143000,3749,1403715530312143000,,55,50,48,41
1403715530362143000,3750,1403715530362143000,,52,52,52,48
1403715530412143000,3751,1403715530412143000,,55,55,55,29
1403715530462143000,3752,1403715530462143000,,52,52,52,40
1403715530512143000,3753,1403715530512143000,,54,53,48,46
1403715530562143000,3754,1403715530562143000,,51,51,51,21
1403715530612143000,3755,1403715530612143000,,43,43,41,41
1403715530662143000,3756,1403715530662143000,,45,45,45,45
1403715530712143000,3757,1403715530712143000,,52,52,48,48
1403715530762143000,3758,1403715530762143000,,53,45,43,24
1403715530812143000,3759,1403715530812143000,,49,49,49,45
1403715530862143000,3760,1403715530862143000,,52,49,48,48
1403715530912143000,3761,1403715530912143000,,49,49,47,38
1403715530962143000,3762,1403715530962143000,,56,55,48,46
1403715531012143000,3763,1403715531012143000,,52,52,50,50
1403715531062143000,3764,1403715531062143000,,51,50,48,48
1403715531112143000,3765,1403715531112143000,,53,53,51,45
1403715531162143000,3766,1403715531162143000,,54,53,53,53
1403715531212143000,3767,1403715531212143000,,56,53,52,22
1403715531262143000,3768,1403715531262143000,,49,48,48,21
1403715531312143000,3769,1403715531312143000,,48,48,44,24
1403715531362143000,3770,1403715531362143000,,48,40,32,7
1403715531412143000,3771,1403715531412143000,,44,43,41,41
1403715531462143000,3772,1403715531462143000,,50,50,48,48
1403715531512143000,3773,1403715531512143000,,52,52,47,44
1403715531562143000,3774,1403715531562143000,,52,52,50,50
1403715531612143000,3775,1403715531612143000,,50,50,50,50
1403715531662143000,3776,1403715531662143000,,52,52,50,41
1403715531712143000,3777,1403715531712143000,,45,45,45,22
1403715531762143000,3778,1403715531762143000,,41,41,40,30
1403715531812143000,3779,1403715531812143000,,45,45,40,33
1403715531862143000,3780,1403715531862143000,,47,45,44,39
1403715531912143000,3781,1403715531912143000,,47,47,47,45
1403715531962143000,3782,1403715531962143000,,49,49,46,43
1403715532012143000,3783,1403715532012143000,,46,46,46,46
1403715532062143000,3784,1403715532062143000,,48,48,44,40
1403715532112143000,3785,1403715532112143000,,46,46,45,42
1403715532162143000,3786,1403715532162143000,,46,46,46,45
1403715532212143000,3787,1403715532212143000,,49,49,49,48
1403715532262143000,3788,1403715532262143000,,52,52,51,51
1403715532312143000,3789,1403715532312143000,,55,55,53,53
1403715532362143000,3790,1403715532362143000,,53,52,50,50
1403715532412143000,3791,1403715532412143000,,52,52,52,43
1403715532462143000,3792,1403715532462143000,,49,49,46,44
1403715532512143000,3793,1403715532512143000,,49,49,48,44
1403715532562143000,3794,1403715532562143000,,47,47,47,30
1403715532612143000,3795,1403715532612143000,,46,46,44,20
1403715532662143000,3796,1403715532662143000,,39,39,39,27
1403715532712143000,3797,1403715532712143000,,43,43,43,30
1403715532762143000,3798,1403715532762143000,,43,43,43,35
1403715532812143000,3799,1403715532812143000,,47,47,47,36
1403715532862143000,3800,1403715532862143000,,46,46,41,33
1403715532912143000,3801,1403715532912143000,,47,47,45,35
1403715532962143000,3802,1403715532962143000,,48,47,45,27
1403715533012143000,3803,1403715533012143000,,46,46,44,32
1403715533062143000,3804,1403715533062143000,,48,47,45,29
1403715533112143000,3805,1403715533112143000,,45,43,40,20
1403715533162143000,3806,1403715533162143000,,43,41,38,27
1403715533212143000,3807,1403715533212143000,,40,40,39,33
1403715533262143000,3808,1403715533262143000,,42,41,39,29
1403715533312143000,3809,1403715533312143000,,48,47,39,32
1403715533362143000,3810,1403715533362143000,,48,47,44,32
1403715533412143000,3811,1403715533412143000,,46,46,42,33
1403715533462143000,3812,1403715533462143000,,51,51,48,39
1403715533512143000,3813,1403715533512143000,,47,46,44,26
1403715533562143000,3814,1403715533562143000,,46,46,45,18
1403715533612143000,3815,1403715533612143000,,45,45,44,7
1403715533662143000,3816,1403715533662143000,,37,34,34,4
1403715533712143000,3817,1403715533712143000,,42,42,42,18
1403715533762143000,3818,1403715533762143000,,50,49,46,33
1403715533812143000,3819,1403715533812143000,,53,52,52,51
1403715533862143000,3820,1403715533862143000,,54,54,53,47
1403715533912143000,3821,1403715533912143000,,55,55,52,24
1403715533962143000,3822,1403715533962143000,,49,49,49,24
1403715534012143000,3823,1403715534012143000,,55,55,54,19
1403715534062143000,3824,1403715534062143000,,62,59,53,24
1403715534112143000,3825,1403715534112143000,,55,53,50,26
1403715534162143000,3826,1403715534162143000,,50,50,50,28
1403715534212143000,3827,1403715534212143000,,57,57,53,16
1403715534262143000,3828,1403715534262143000,,56,56,56,13
1403715534312143000,3829,1403715534312143000,,55,55,55,36
1403715534362143000,3830,1403715534362143000,,57,57,57,37
1403715534412143000,3831,1403715534412143000,,58,58,58,58
1403715534462143000,3832,1403715534462143000,,60,60,58,58
1403715534512143000,3833,1403715534512143000,,60,59,58,57
1403715534562143000,3834,1403715534562143000,,61,61,60,58
1403715534612143000,3835,1403715534612143000,,64,62,62,55
1403715534662143000,3836,1403715534662143000,,65,63,62,51
1403715534712143000,3837,1403715534712143000,,67,65,65,46
1403715534762143000,3838,1403715534762143000,,62,57,56,35
1403715534812143000,3839,1403715534812143000,,60,59,56,22
1403715534862143000,3840,1403715534862143000,,57,57,57,28
1403715534912143000,3841,1403715534912143000,,57,57,57,35
1403715534962143000,3842,1403715534962143000,,55,54,53,35
1403715535012143000,3843,1403715535012143000,,60,59,59,37
1403715535062143000,3844,1403715535062143000,,60,58,58,32
1403715535112143000,3845,1403715535112143000,,57,56,56,41
1403715535162143000,3846,1403715535162143000,,58,54,54,42
1403715535212143000,3847,1403715535212143000,,60,54,54,38
1403715535262143000,3848,1403715535262143000,,59,55,55,45
1403715535312143000,3849,1403715535312143000,,57,54,54,44
1403715535362143000,3850,1403715535362143000,,60,58,56,45
1403715535412143000,3851,1403715535412143000,,60,59,58,28
1403715535462143000,3852,1403715535462143000,,58,58,57,22
1403715535512143000,3853,1403715535512143000,,61,60,59,33
1403715535562143000,3854,1403715535562143000,,62,62,61,48
1403715535612143000,3855,1403715535612143000,,65,63,58,38
1403715535662143000,3856,1403715535662143000,,58,58,52,33
1403715535712143000,3857,1403715535712143000,,55,49,45,12
1403715535762143000,3858,1403715535762143000,,53,53,46,22
1403715535812143000,3859,1403715535812143000,,51,51,50,15
1403715535862143000,3860,1403715535862143000,,56,49,48,12
1403715535912143000,3861,1403715535912143000,,56,53,51,27
1403715535962143000,3862,1403715535962143000,,55,52,52,18
1403715536012143000,3863,1403715536012143000,,55,51,48,35
1403715536062143000,3864,1403715536062143000,,55,52,52,35
1403715536112143000,3865,1403715536112143000,,52,52,50,30
1403715536162143000,3866,1403715536162143000,,51,51,51,32
1403715536212143000,3867,1403715536212143000,,55,55,53,18
1403715536262143000,3868,1403715536262143000,,58,57,57,32
1403715536312143000,3869,1403715536312143000,,59,58,56,39
1403715536362143000,3870,1403715536362143000,,59,59,56,37
1403715536412143000,3871,1403715536412143000,,60,60,56,14
1403715536462143000,3872,1403715536462143000,,56,56,56,22
1403715536512143000,3873,1403715536512143000,,58,57,56,33
1403715536562143000,3874,1403715536562143000,,59,59,58,37
1403715536612143000,3875,1403715536612143000,,59,59,59,46
1403715536662143000,3876,1403715536662143000,,62,62,62,50
1403715536712143000,3877,1403715536712143000,,66,66,57,54
1403715536762143000,3878,1403715536762143000,,56,56,49,40
1403715536812143000,3879,1403715536812143000,,57,51,50,46
1403715536862143000,3880,1403715536862143000,,58,54,52,47
1403715536912143000,3881,1403715536912143000,,57,54,54,44
1403715536962143000,3882,1403715536962143000,,59,55,52,35
1403715537012143000,3883,1403715537012143000,,57,56,55,38
1403715537062143000,3884,1403715537062143000,,57,53,52,37
1403715537112143000,3885,1403715537112143000,,60,59,56,38
1403715537162143000,3886,1403715537162143000,,56,54,53,40
1403715537212143000,3887,1403715537212143000,,61,57,51,28
1403715537262143000,3888,1403715537262143000,,56,53,53,32
1403715537312143000,3889,1403715537312143000,,55,54,52,23
1403715537362143000,3890,1403715537362143000,,52,37,20,6
1403715537412143000,3891,1403715537412143000,,36,36,34,18
1403715537462143000,3892,1403715537462143000,,45,43,39,11
1403715537512143000,3893,1403715537512143000,,43,36,35,1
1403715537562143000,3894,1403715537562143000,,55,52,51,21
1403715537612143000,3895,1403715537612143000,,52,52,52,35
1403715537662143000,3896,1403715537662143000,,57,52,49,26
1403715537712143000,3897,1403715537712143000,,60,60,57,34
1403715537762143000,3898,1403715537762143000,,59,59,59,53
1403715537812143000,3899,1403715537812143000,,60,60,59,38
1403715537862143000,3900,1403715537862143000,,57,57,56,45
1403715537912143000,3901,1403715537912143000,,60,60,60,54
1403715537962143000,3902,1403715537962143000,,64,64,63,63
1403715538012143000,3903,1403715538012143000,,65,65,63,46
1403715538062143000,3904,1403715538062143000,,63,61,59,47
1403715538112143000,3905,1403715538112143000,,63,60,55,40
1403715538162143000,3906,1403715538162143000,,57,56,53,47
1403715538212143000,3907,1403715538212143000,,55,54,49,41
1403715538262143000,3908,1403715538262143000,,51,48,46,22
1403715538312143000,3909,1403715538312143000,,48,48,44,37
1403715538362143000,3910,1403715538362143000,,48,48,46,37
1403715538412143000,3911,1403715538412143000,,50,48,47,24
1403715538462143000,3912,1403715538462143000,,51,51,46,21
1403715538512143000,3913,1403715538512143000,,46,46,45,36
1403715538562143000,3914,1403715538562143000,,51,50,50,31
1403715538612143000,3915,1403715538612143000,,50,50,50,38
1403715538662143000,3916,1403715538662143000,,51,51,51,37
1403715538712143000,3917,1403715538712143000,,56,56,54,33
1403715538762143000,3918,1403715538762143000,,55,55,54,37
1403715538812143000,3919,1403715538812143000,,54,53,52,43
1403715538862143000,3920,1403715538862143000,,54,54,54,38
1403715538912143000,3921,1403715538912143000,,53,53,53,40
1403715538962143000,3922,1403715538962143000,,58,56,55,33
1403715539012143000,3923,1403715539012143000,,57,53,52,34
1403715539062143000,3924,1403715539062143000,,60,59,58,25
1403715539112143000,3925,1403715539112143000,,62,62,62,19
1403715539162143000,3926,1403715539162143000,,59,59,59,34
1403715539212143000,3927,1403715539212143000,,58,57,57,31
1403715539262143000,3928,1403715539262143000,,63,59,59,34
1403715539312143000,3929,1403715539312143000,,62,58,58,26
1403715539362143000,3930,1403715539362143000,,58,53,53,29
1403715539412143000,3931,1403715539412143000,,57,54,53,26
1403715539462143000,3932,1403715539462143000,,62,58,53,20
1403715539512143000,3933,1403715539512143000,,56,53,53,37
1403715539562143000,3934,1403715539562143000,,64,64,64,43
1403715539612143000,3935,1403715539612143000,,67,67,67,50
1403715539662143000,3936,1403715539662143000,,66,66,66,57
1403715539712143000,3937,1403715539712143000,,66,66,66,61
1403715539762143000,3938,1403715539762143000,,68,68,68,65
1403715539812143000,3939,1403715539812143000,,69,69,69,60
1403715539862143000,3940,1403715539862143000,,69,69,69,66
1403715539912143000,3941,1403715539912143000,,70,70,70,62
1403715539962143000,3942,1403715539962143000,,69,69,69,67
1403715540012143000,3943,1403715540012143000,,69,69,66,61
1403715540062143000,3944,1403715540062143000,,64,63,60,55
1403715540112143000,3945,1403715540112143000,,66,65,65,58
1403715540162143000,3946,1403715540162143000,,67,65,65,63
1403715540212143000,3947,1403715540212143000,,66,65,65,64
1403715540262143000,3948,1403715540262143000,,66,66,66,66
1403715540312143000,3949,1403715540312143000,,66,66,66,66
1403715540362143000,3950,1403715540362143000,,67,67,67,51
1403715540412143000,3951,1403715540412143000,,67,67,66,66
1403715540462143000,3952,1403715540462143000,,66,66,65,60
1403715540512143000,3953,1403715540512143000,,66,66,66,59
1403715540562143000,3954,1403715540562143000,,67,67,65,65
1403715540612143000,3955,1403715540612143000,,70,70,70,69
1403715540662143000,3956,1403715540662143000,,70,70,70,67
1403715540712143000,3957,1403715540712143000,,68,68,68,67
1403715540762143000,3958,1403715540762143000,,69,69,69,66
1403715540812143000,3959,1403715540812143000,,69,69,69,67
1403715540862143000,3960,1403715540862143000,,71,71,69,67
1403715540912143000,3961,1403715540912143000,,68,68,66,65
1403715540962143000,3962,1403715540962143000,,66,65,65,60
1403715541012143000,3963,1403715541012143000,,65,65,65,56
1403715541062143000,3964,1403715541062143000,,66,66,65,61
1403715541112143000,3965,1403715541112143000,,67,66,66,57
1403715541162143000,3966,1403715541162143000,,67,67,66,61
1403715541212143000,3967,1403715541212143000,,67,66,65,56
1403715541262143000,3968,1403715541262143000,,64,63,30,21
1403715541312143000,3969,1403715541312143000,,37,37,34,23
1403715541362143000,3970,1403715541362143000,,32,32,24,21
1403715541412143000,3971,1403715541412143000,,30,30,29,13
1403715541462143000,3972,1403715541462143000,,51,50,45,36
1403715541512143000,3973,1403715541512143000,,50,49,49,35
1403715541562143000,3974,1403715541562143000,,53,46,38,31
1403715541612143000,3975,1403715541612143000,,56,53,53,47
1403715541662143000,3976,1403715541662143000,,60,59,54,41
1403715541712143000,3977,1403715541712143000,,54,53,49,32
1403715541762143000,3978,1403715541762143000,,51,47,47,41
1403715541812143000,3979,1403715541812143000,,52,47,43,38
1403715541862143000,3980,1403715541862143000,,53,48,42,37
1403715541912143000,3981,1403715541912143000,,50,49,45,41
1403715541962143000,3982,1403715541962143000,,56,51,44,41
1403715542012143000,3983,1403715542012143000,,54,54,43,38
1403715542062143000,3984,1403715542062143000,,48,48,45,35
1403715542112143000,3985,1403715542112143000,,48,47,45,35
1403715542162143000,3986,1403715542162143000,,49,41,23,5
1403715542212143000,3987,1403715542212143000,,39,38,34,26
1403715542262143000,3988,1403715542262143000,,40,39,37,28
1403715542312143000,3989,1403715542312143000,,40,40,37,25
1403715542362143000,3990,1403715542362143000,,42,41,39,20
1403715542412143000,3991,1403715542412143000,,45,42,39,23
1403715542462143000,3992,1403715542462143000,,49,49,46,29
1403715542512143000,3993,1403715542512143000,,53,53,45,39
1403715542562143000,3994,1403715542562143000,,52,51,48,42
1403715542612143000,3995,1403715542612143000,,54,54,51,43
1403715542662143000,3996,1403715542662143000,,52,52,47,45
1403715542712143000,3997,1403715542712143000,,52,52,49,48
1403715542762143000,3998,1403715542762143000,,50,50,49,41
1403715542812143000,3999,1403715542812143000,,48,48,47,42
1403715542862143000,4000,1403715542862143000,,52,52,52,42
1403715542912143000,4001,1403715542912143000,,54,54,54,40
1403715542962143000,4002,1403715542962143000,,53,51,48,35
1403715543012143000,4003,1403715543012143000,,48,48,46,38
1403715543062143000,4004,1403715543062143000,,50,50,49,38
1403715543112143000,4005,1403715543112143000,,49,49,48,36
1403715543162143000,4006,1403715543162143000,,47,47,45,41
1403715543212143000,4007,1403715543212143000,,50,50,49,44
1403715543262143000,4008,1403715543262143000,,52,52,48,41
1403715543312143000,4009,1403715543312143000,,50,50,48,48
1403715543362143000,4010,1403715543362143000,,54,54,52,50
1403715543412143000,4011,1403715543412143000,,54,54,52,52
1403715543462143000,4012,1403715543462143000,,52,49,49,47
1403715543512143000,4013,1403715543512143000,,54,52,51,48
1403715543562143000,4014,1403715543562143000,,53,52,52,50
1403715543612143000,4015,1403715543612143000,,53,53,50,50
1403715543662143000,4016,1403715543662143000,,53,53,51,39
1403715543712143000,4017,1403715543712143000,,54,54,52,41
1403715543762143000,4018,1403715543762143000,,56,55,55,45
1403715543812143000,4019,1403715543812143000,,56,53,52,41
1403715543862143000,4020,1403715543862143000,,53,51,50,30
1403715543912143000,4021,1403715543912143000,,50,47,46,20
1403715543962143000,4022,1403715543962143000,,45,44,41,14
1403715544012143000,4023,1403715544012143000,,37,36,36,16
1403715544062143000,4024,1403715544062143000,,38,35,35,18
1403715544112143000,4025,1403715544112143000,,38,37,37,22
1403715544162143000,4026,1403715544162143000,,39,33,33,17
1403715544212143000,4027,1403715544212143000,,41,39,38,21
1403715544262143000,4028,1403715544262143000,,46,42,42,23
1403715544312143000,4029,1403715544312143000,,47,46,46,26
1403715544362143000,4030,1403715544362143000,,52,50,50,25
1403715544412143000,4031,1403715544412143000,,49,49,48,25
1403715544462143000,4032,1403715544462143000,,48,48,48,26
1403715544512143000,4033,1403715544512143000,,56,56,56,25
1403715544562143000,4034,1403715544562143000,,58,53,53,29
1403715544612143000,4035,1403715544612143000,,56,53,53,36
1403715544662143000,4036,1403715544662143000,,58,56,55,46
1403715544712143000,4037,1403715544712143000,,55,54,51,45
1403715544762143000,4038,1403715544762143000,,57,57,56,43
1403715544812143000,4039,1403715544812143000,,61,61,60,49
1403715544862143000,4040,1403715544862143000,,58,58,57,48
1403715544912143000,4041,1403715544912143000,,57,57,57,47
1403715544962143000,4042,1403715544962143000,,63,63,63,54
1403715545012143000,4043,1403715545012143000,,64,64,64,50
1403715545062143000,4044,1403715545062143000,,66,66,66,44
1403715545112143000,4045,1403715545112143000,,66,66,66,42
1403715545162143000,4046,1403715545162143000,,60,60,58,41
1403715545212143000,4047,1403715545212143000,,61,61,61,44
1403715545262143000,4048,1403715545262143000,,58,58,57,32
1403715545312143000,4049,1403715545312143000,,58,58,58,33
1403715545362143000,4050,1403715545362143000,,58,58,58,45
1403715545412143000,4051,1403715545412143000,,59,58,57,41
1403715545462143000,4052,1403715545462143000,,58,58,57,48
1403715545512143000,4053,1403715545512143000,,55,55,55,41
1403715545562143000,4054,1403715545562143000,,58,58,58,52
1403715545612143000,4055,1403715545612143000,,55,55,55,47
1403715545662143000,4056,1403715545662143000,,59,59,59,49
1403715545712143000,4057,1403715545712143000,,63,63,62,57
1403715545762143000,4058,1403715545762143000,,63,63,60,41
1403715545812143000,4059,1403715545812143000,,59,59,59,52
1403715545862143000,4060,1403715545862143000,,64,64,63,55
1403715545912143000,4061,1403715545912143000,,64,64,64,57
1403715545962143000,4062,1403715545962143000,,62,61,61,51
1403715546012143000,4063,1403715546012143000,,58,58,58,47
1403715546062143000,4064,1403715546062143000,,59,58,57,39
1403715546112143000,4065,1403715546112143000,,59,59,58,46
1403715546162143000,4066,1403715546162143000,,61,61,59,42
1403715546212143000,4067,1403715546212143000,,57,57,55,27
1403715546262143000,4068,1403715546262143000,,58,58,58,48
1403715546312143000,4069,1403715546312143000,,58,58,58,49
1403715546362143000,4070,1403715546362143000,,60,60,60,48
1403715546412143000,4071,1403715546412143000,,64,64,64,47
1403715546462143000,4072,1403715546462143000,,63,61,61,49
1403715546512143000,4073,1403715546512143000,,62,61,61,35
1403715546562143000,4074,1403715546562143000,,63,63,62,33
1403715546612143000,4075,1403715546612143000,,57,57,57,36
1403715546662143000,4076,1403715546662143000,,62,60,59,42
1403715546712143000,4077,1403715546712143000,,63,61,60,45
1403715546762143000,4078,1403715546762143000,,62,59,59,30
1403715546812143000,4079,1403715546812143000,,62,61,60,32
1403715546862143000,4080,1403715546862143000,,63,58,57,36
1403715546912143000,4081,1403715546912143000,,65,64,64,42
1403715546962143000,4082,1403715546962143000,,62,62,60,26
1403715547012143000,4083,1403715547012143000,,55,51,51,32
1403715547062143000,4084,1403715547062143000,,57,56,55,34
1403715547112143000,4085,1403715547112143000,,56,51,51,38
1403715547162143000,4086,1403715547162143000,,62,61,60,40
1403715547212143000,4087,1403715547212143000,,62,61,61,30
1403715547262143000,4088,1403715547262143000,,63,61,59,37
1403715547312143000,4089,1403715547312143000,,60,60,58,36
1403715547362143000,4090,1403715547362143000,,56,56,55,45
1403715547412143000,4091,1403715547412143000,,59,54,52,44
1403715547462143000,4092,1403715547462143000,,62,60,58,44
1403715547512143000,4093,1403715547512143000,,59,58,58,44
1403715547562143000,4094,1403715547562143000,,58,56,54,37
1403715547612143000,4095,1403715547612143000,,56,56,55,38
1403715547662143000,4096,1403715547662143000,,59,57,57,41
1403715547712143000,4097,1403715547712143000,,59,57,54,39
1403715547762143000,4098,1403715547762143000,,59,59,58,33
1403715547812143000,4099,1403715547812143000,,56,56,54,22
1403715547862143000,4100,1403715547862143000,,56,55,52,23
1403715547912143000,4101,1403715547912143000,,51,49,48,25
1403715547962143000,4102,1403715547962143000,,55,54,49,23
1403715548012143000,4103,1403715548012143000,,53,50,48,30
1403715548062143000,4104,1403715548062143000,,54,52,48,39
1403715548112143000,4105,1403715548112143000,,53,50,49,44
1403715548162143000,4106,1403715548162143000,,53,52,48,46
1403715548212143000,4107,1403715548212143000,,54,53,52,38
1403715548262143000,4108,1403715548262143000,,54,53,50,35
1403715548312143000,4109,1403715548312143000,,52,51,49,42
1403715548362143000,4110,1403715548362143000,,51,51,51,35
1403715548412143000,4111,1403715548412143000,,52,52,51,43
1403715548462143000,4112,1403715548462143000,,56,54,50,43
1403715548512143000,4113,1403715548512143000,,56,55,52,46
1403715548562143000,4114,1403715548562143000,,58,57,54,45
1403715548612143000,4115,1403715548612143000,,59,57,56,48
1403715548662143000,4116,1403715548662143000,,57,56,55,52
1403715548712143000,4117,1403715548712143000,,57,56,56,50
1403715548762143000,4118,1403715548762143000,,57,57,52,49
1403715548812143000,4119,1403715548812143000,,52,51,48,46
1403715548862143000,4120,1403715548862143000,,51,51,51,49
1403715548912143000,4121,1403715548912143000,,54,54,53,53
1403715548962143000,4122,1403715548962143000,,54,54,54,53
1403715549012143000,4123,1403715549012143000,,55,55,54,54
1403715549062143000,4124,1403715549062143000,,56,53,53,52
1403715549112143000,4125,1403715549112143000,,63,63,63,62
1403715549162143000,4126,1403715549162143000,,61,61,60,51
1403715549212143000,4127,1403715549212143000,,63,47,34,14
1403715549262143000,4128,1403715549262143000,,50,50,47,44
1403715549312143000,4129,1403715549312143000,,50,49,47,41
1403715549362143000,4130,1403715549362143000,,49,45,44,32
1403715549412143000,4131,1403715549412143000,,51,50,50,49
1403715549462143000,4132,1403715549462143000,,54,53,53,53
1403715549512143000,4133,1403715549512143000,,57,57,55,49
1403715549562143000,4134,1403715549562143000,,56,55,53,50
1403715549612143000,4135,1403715549612143000,,57,56,56,46
1403715549662143000,4136,1403715549662143000,,57,47,41,41
1403715549712143000,4137,1403715549712143000,,48,46,44,42
1403715549762143000,4138,1403715549762143000,,52,51,48,45
1403715549812143000,4139,1403715549812143000,,52,52,48,40
1403715549862143000,4140,1403715549862143000,,48,47,46,31
1403715549912143000,4141,1403715549912143000,,46,44,42,31
1403715549962143000,4142,1403715549962143000,,42,30,24,11
1403715550012143000,4143,1403715550012143000,,32,32,32,21
1403715550062143000,4144,1403715550062143000,,36,36,34,24
1403715550112143000,4145,1403715550112143000,,33,32,31,24
1403715550162143000,4146,1403715550162143000,,39,37,36,24
1403715550212143000,4147,1403715550212143000,,40,40,39,25
1403715550262143000,4148,1403715550262143000,,36,29,23,14
1403715550312143000,4149,1403715550312143000,,35,35,33,20
1403715550362143000,4150,1403715550362143000,,34,34,33,22
1403715550412143000,4151,1403715550412143000,,36,34,33,21
1403715550462143000,4152,1403715550462143000,,41,40,37,14
1403715550512143000,4153,1403715550512143000,,40,39,33,14
1403715550562143000,4154,1403715550562143000,,39,33,29,5
1403715550612143000,4155,1403715550612143000,,38,38,38,17
1403715550662143000,4156,1403715550662143000,,42,42,41,29
1403715550712143000,4157,1403715550712143000,,37,37,36,4
1403715550762143000,4158,1403715550762143000,,43,38,35,18
1403715550812143000,4159,1403715550812143000,,43,41,41,21
1403715550862143000,4160,1403715550862143000,,49,39,35,17
1403715550912143000,4161,1403715550912143000,,43,43,41,34
1403715550962143000,4162,1403715550962143000,,45,44,44,35
1403715551012143000,4163,1403715551012143000,,54,54,47,28
1403715551062143000,4164,1403715551062143000,,52,52,52,38
1403715551112143000,4165,1403715551112143000,,58,57,55,43
1403715551162143000,4166,1403715551162143000,,55,41,40,14
1403715551212143000,4167,1403715551212143000,,55,49,48,29
1403715551262143000,4168,1403715551262143000,,52,52,51,33
1403715551312143000,4169,1403715551312143000,,60,60,60,21
1403715551362143000,4170,1403715551362143000,,58,57,56,14
1403715551412143000,4171,1403715551412143000,,61,61,57,39
1403715551462143000,4172,1403715551462143000,,63,56,54,34
1403715551512143000,4173,1403715551512143000,,64,60,59,22
1403715551562143000,4174,1403715551562143000,,59,57,56,24
1403715551612143000,4175,1403715551612143000,,53,37,37,14
1403715551662143000,4176,1403715551662143000,,48,47,46,16
1403715551712143000,4177,1403715551712143000,,54,54,51,16
1403715551762143000,4178,1403715551762143000,,51,42,40,10
1403715551812143000,4179,1403715551812143000,,51,50,48,16
1403715551862143000,4180,1403715551862143000,,52,52,51,21
1403715551912143000,4181,1403715551912143000,,56,51,44,5
1403715551962143000,4182,1403715551962143000,,54,52,50,22
1403715552012143000,4183,1403715552012143000,,56,56,56,28
1403715552062143000,4184,1403715552062143000,,61,59,55,30
1403715552112143000,4185,1403715552112143000,,60,58,56,32
1403715552162143000,4186,1403715552162143000,,58,58,58,36
1403715552212143000,4187,1403715552212143000,,60,54,52,32
1403715552262143000,4188,1403715552262143000,,63,62,60,38
1403715552312143000,4189,1403715552312143000,,63,63,61,44
1403715552362143000,4190,1403715552362143000,,62,62,57,42
1403715552412143000,4191,1403715552412143000,,62,57,54,38
1403715552462143000,4192,1403715552462143000,,59,55,53,37
1403715552512143000,4193,1403715552512143000,,57,57,56,39
1403715552562143000,4194,1403715552562143000,,56,56,55,31
1403715552612143000,4195,1403715552612143000,,56,53,50,43
1403715552662143000,4196,1403715552662143000,,58,53,50,37
1403715552712143000,4197,1403715552712143000,,54,51,51,42
1403715552762143000,4198,1403715552762143000,,57,56,55,46
1403715552812143000,4199,1403715552812143000,,57,52,49,32
1403715552862143000,4200,1403715552862143000,,58,58,58,46
1403715552912143000,4201,1403715552912143000,,59,55,54,25
1403715552962143000,4202,1403715552962143000,,59,51,49,33
1403715553012143000,4203,1403715553012143000,,55,52,49,35
1403715553062143000,4204,1403715553062143000,,54,54,54,39
1403715553112143000,4205,1403715553112143000,,54,54,53,32
1403715553162143000,4206,1403715553162143000,,52,52,50,37
1403715553212143000,4207,1403715553212143000,,54,50,46,32
1403715553262143000,4208,1403715553262143000,,52,50,48,34
1403715553312143000,4209,1403715553312143000,,51,48,47,33
1403715553362143000,4210,1403715553362143000,,54,52,50,37
1403715553412143000,4211,1403715553412143000,,51,48,48,38
1403715553462143000,4212,1403715553462143000,,51,49,48,27
1403715553512143000,4213,1403715553512143000,,47,46,44,30
1403715553562143000,4214,1403715553562143000,,53,52,52,35
1403715553612143000,4215,1403715553612143000,,55,55,55,41
1403715553662143000,4216,1403715553662143000,,52,49,49,34
1403715553712143000,4217,1403715553712143000,,54,54,53,39
1403715553762143000,4218,1403715553762143000,,58,48,47,39
1403715553812143000,4219,1403715553812143000,,55,53,53,49
1403715553862143000,4220,1403715553862143000,,53,52,52,45
1403715553912143000,4221,1403715553912143000,,54,50,47,42
1403715553962143000,4222,1403715553962143000,,54,53,53,42
1403715554012143000,4223,1403715554012143000,,55,50,46,41
1403715554062143000,4224,1403715554062143000,,52,52,50,27
1403715554112143000,4225,1403715554112143000,,45,43,41,35
1403715554162143000,4226,1403715554162143000,,54,51,50,36
1403715554212143000,4227,1403715554212143000,,52,52,48,40
1403715554262143000,4228,1403715554262143000,,51,51,48,33
1403715554312143000,4229,1403715554312143000,,46,46,42,28
1403715554362143000,4230,1403715554362143000,,46,46,45,41
1403715554412143000,4231,1403715554412143000,,55,55,50,42
1403715554462143000,4232,1403715554462143000,,55,54,48,39
1403715554512143000,4233,1403715554512143000,,51,50,41,27
1403715554562143000,4234,1403715554562143000,,48,41,30,20
1403715554612143000,4235,1403715554612143000,,38,37,31,19
1403715554662143000,4236,1403715554662143000,,33,33,32,22
1403715554712143000,4237,1403715554712143000,,36,36,34,31
1403715554762143000,4238,1403715554762143000,,43,42,36,33
1403715554812143000,4239,1403715554812143000,,37,37,36,20
1403715554862143000,4240,1403715554862143000,,40,40,37,35
1403715554912143000,4241,1403715554912143000,,42,42,37,37
1403715554962143000,4242,1403715554962143000,,40,40,39,37
1403715555012143000,4243,1403715555012143000,,41,41,41,36
1403715555062143000,4244,1403715555062143000,,44,44,43,36
1403715555112143000,4245,1403715555112143000,,45,42,40,34
1403715555162143000,4246,1403715555162143000,,54,50,49,42
1403715555212143000,4247,1403715555212143000,,51,47,46,42
1403715555262143000,4248,1403715555262143000,,52,50,50,44
1403715555312143000,4249,1403715555312143000,,51,47,44,35
1403715555362143000,4250,1403715555362143000,,47,46,46,44
1403715555412143000,4251,1403715555412143000,,49,48,48,48
1403715555462143000,4252,1403715555462143000,,53,51,51,47
1403715555512143000,4253,1403715555512143000,,53,52,48,42
1403715555562143000,4254,1403715555562143000,,54,53,48,46
1403715555612143000,4255,1403715555612143000,,58,57,56,40
1403715555662143000,4256,1403715555662143000,,53,50,50,42
1403715555712143000,4257,1403715555712143000,,53,52,50,49
1403715555762143000,4258,1403715555762143000,,55,51,48,47
1403715555812143000,4259,1403715555812143000,,58,57,54,50
1403715555862143000,4260,1403715555862143000,,59,58,56,52
1403715555912143000,4261,1403715555912143000,,55,53,50,45
1403715555962143000,4262,1403715555962143000,,56,55,54,49
1403715556012143000,4263,1403715556012143000,,54,52,52,46
1403715556062143000,4264,1403715556062143000,,57,55,55,41
1403715556112143000,4265,1403715556112143000,,58,58,57,41
1403715556162143000,4266,1403715556162143000,,59,59,56,52
1403715556212143000,4267,1403715556212143000,,59,59,55,47
1403715556262143000,4268,1403715556262143000,,58,54,48,43
1403715556312143000,4269,1403715556312143000,,56,56,55,53
1403715556362143000,4270,1403715556362143000,,60,60,56,56
1403715556412143000,4271,1403715556412143000,,61,60,58,54
1403715556462143000,4272,1403715556462143000,,61,61,60,57
1403715556512143000,4273,1403715556512143000,,62,62,57,56
1403715556562143000,4274,1403715556562143000,,63,63,58,57
1403715556612143000,4275,1403715556612143000,,62,62,62,62
1403715556662143000,4276,1403715556662143000,,63,63,63,61
1403715556712143000,4277,1403715556712143000,,62,62,58,55
1403715556762143000,4278,1403715556762143000,,58,58,57,57
1403715556812143000,4279,1403715556812143000,,58,58,56,55
1403715556862143000,4280,1403715556862143000,,61,61,56,52
1403715556912143000,4281,1403715556912143000,,55,54,54,48
1403715556962143000,4282,1403715556962143000,,55,55,54,51
1403715557012143000,4283,1403715557012143000,,54,54,51,50
1403715557062143000,4284,1403715557062143000,,52,52,50,49
1403715557112143000,4285,1403715557112143000,,56,56,55,51
1403715557162143000,4286,1403715557162143000,,55,55,52,44
1403715557212143000,4287,1403715557212143000,,52,51,51,45
1403715557262143000,4288,1403715557262143000,,60,60,58,49
1403715557312143000,4289,1403715557312143000,,57,56,54,43
1403715557362143000,4290,1403715557362143000,,55,55,49,41
1403715557412143000,4291,1403715557412143000,,52,52,51,46
1403715557462143000,4292,1403715557462143000,,51,51,48,44
1403715557512143000,4293,1403715557512143000,,55,55,53,44
1403715557562143000,4294,1403715557562143000,,51,51,49,37
1403715557612143000,4295,1403715557612143000,,50,50,42,40
1403715557662143000,4296,1403715557662143000,,46,45,45,45
1403715557712143000,4297,1403715557712143000,,50,50,49,44
1403715557762143000,4298,1403715557762143000,,50,49,49,41
1403715557812143000,4299,1403715557812143000,,51,51,50,45
1403715557862143000,4300,1403715557862143000,,53,53,52,41
1403715557912143000,4301,1403715557912143000,,50,49,48,39
1403715557962143000,4302,1403715557962143000,,55,54,52,42
1403715558012143000,4303,1403715558012143000,,54,54,53,44
1403715558062143000,4304,1403715558062143000,,56,56,54,47
1403715558112143000,4305,1403715558112143000,,60,60,54,42
1403715558162143000,4306,1403715558162143000,,53,53,51,41
1403715558212143000,4307,1403715558212143000,,51,50,48,42
1403715558262143000,4308,1403715558262143000,,51,50,50,39
1403715558312143000,4309,1403715558312143000,,50,48,47,33
1403715558362143000,4310,1403715558362143000,,47,47,47,34
1403715558412143000,4311,1403715558412143000,,51,51,47,41
1403715558462143000,4312,1403715558462143000,,49,48,45,37
1403715558512143000,4313,1403715558512143000,,43,42,42,31
1403715558562143000,4314,1403715558562143000,,47,46,46,34
1403715558612143000,4315,1403715558612143000,,53,52,52,47
1403715558662143000,4316,1403715558662143000,,53,53,53,48
1403715558712143000,4317,1403715558712143000,,56,54,53,47
1403715558762143000,4318,1403715558762143000,,54,52,52,32
1403715558812143000,4319,1403715558812143000,,51,51,49,39
1403715558862143000,4320,1403715558862143000,,55,52,52,45
1403715558912143000,4321,1403715558912143000,,55,54,53,49
1403715558962143000,4322,1403715558962143000,,53,53,53,46
1403715559012143000,4323,1403715559012143000,,52,49,49,48
1403715559062143000,4324,1403715559062143000,,49,46,45,43
1403715559112143000,4325,1403715559112143000,,51,47,47,39
1403715559162143000,4326,1403715559162143000,,53,53,53,52
1403715559212143000,4327,1403715559212143000,,55,55,55,52
1403715559262143000,4328,1403715559262143000,,58,58,57,43
1403715559312143000,4329,1403715559312143000,,56,55,52,48
1403715559362143000,4330,1403715559362143000,,58,56,56,41
1403715559412143000,4331,1403715559412143000,,54,52,52,39
1403715559462143000,4332,1403715559462143000,,51,50,50,48
1403715559512143000,4333,1403715559512143000,,51,50,50,43
1403715559562143000,4334,1403715559562143000,,53,53,52,46
1403715559612143000,4335,1403715559612143000,,54,54,52,47
1403715559662143000,4336,1403715559662143000,,55,54,54,46
1403715559712143000,4337,1403715559712143000,,58,58,58,50
1403715559762143000,4338,1403715559762143000,,60,60,60,59
1403715559812143000,4339,1403715559812143000,,62,62,62,57
1403715559862143000,4340,1403715559862143000,,62,61,60,55
1403715559912143000,4341,1403715559912143000,,61,61,59,48
1403715559962143000,4342,1403715559962143000,,58,57,55,51
1403715560012143000,4343,1403715560012143000,,60,59,59,47
1403715560062143000,4344,1403715560062143000,,61,58,58,48
1403715560112143000,4345,1403715560112143000,,59,57,56,50
1403715560162143000,4346,1403715560162143000,,57,57,57,42
1403715560212143000,4347,1403715560212143000,,57,57,57,51
1403715560262143000,4348,1403715560262143000,,57,57,57,50
1403715560312143000,4349,1403715560312143000,,60,60,60,49
1403715560362143000,4350,1403715560362143000,,62,61,61,42
1403715560412143000,4351,1403715560412143000,,62,61,61,52
1403715560462143000,4352,1403715560462143000,,63,63,62,47
1403715560512143000,4353,1403715560512143000,,59,58,58,51
1403715560562143000,4354,1403715560562143000,,61,59,59,47
1403715560612143000,4355,1403715560612143000,,64,60,58,43
1403715560662143000,4356,1403715560662143000,,58,54,54,44
1403715560712143000,4357,1403715560712143000,,65,65,65,50
1403715560762143000,4358,1403715560762143000,,65,65,65,32
1403715560812143000,4359,1403715560812143000,,63,63,63,40
1403715560862143000,4360,1403715560862143000,,63,62,62,53
1403715560912143000,4361,1403715560912143000,,65,64,64,53
1403715560962143000,4362,1403715560962143000,,63,63,60,49
1403715561012143000,4363,1403715561012143000,,62,61,59,47
1403715561062143000,4364,1403715561062143000,,62,61,60,46
1403715561112143000,4365,1403715561112143000,,66,65,64,33
1403715561162143000,4366,1403715561162143000,,63,61,57,39
1403715561212143000,4367,1403715561212143000,,61,61,59,41
1403715561262143000,4368,1403715561262143000,,61,61,60,47
1403715561312143000,4369,1403715561312143000,,63,61,61,39
1403715561362143000,4370,1403715561362143000,,61,55,50,35
1403715561412143000,4371,1403715561412143000,,62,62,59,45
1403715561462143000,4372,1403715561462143000,,64,60,59,48
1403715561512143000,4373,1403715561512143000,,65,65,61,48
1403715561562143000,4374,1403715561562143000,,65,64,63,53
1403715561612143000,4375,1403715561612143000,,63,61,59,53
1403715561662143000,4376,1403715561662143000,,65,63,60,53
1403715561712143000,4377,1403715561712143000,,65,65,62,53
1403715561762143000,4378,1403715561762143000,,62,59,58,43
1403715561812143000,4379,1403715561812143000,,65,64,56,46
1403715561862143000,4380,1403715561862143000,,58,58,56,44
1403715561912143000,4381,1403715561912143000,,59,59,56,49
1403715561962143000,4382,1403715561962143000,,59,55,55,43
1403715562012143000,4383,1403715562012143000,,62,62,61,50
1403715562062143000,4384,1403715562062143000,,66,66,63,56
1403715562112143000,4385,1403715562112143000,,67,65,64,56
1403715562162143000,4386,1403715562162143000,,64,64,58,56
1403715562212143000,4387,1403715562212143000,,60,60,58,57
1403715562262143000,4388,1403715562262143000,,64,64,64,59
1403715562312143000,4389,1403715562312143000,,65,65,64,61
1403715562362143000,4390,1403715562362143000,,64,64,64,61
1403715562412143000,4391,1403715562412143000,,64,61,59,57
1403715562462143000,4392,1403715562462143000,,62,62,60,54
1403715562512143000,4393,1403715562512143000,,63,60,57,46
1403715562562143000,4394,1403715562562143000,,58,54,52,49
1403715562612143000,4395,1403715562612143000,,61,59,56,53
1403715562662143000,4396,1403715562662143000,,64,64,61,55
1403715562712143000,4397,1403715562712143000,,65,65,64,45
1403715562762143000,4398,1403715562762143000,,66,64,64,53
1403715562812143000,4399,1403715562812143000,,68,67,63,55
1403715562862143000,4400,1403715562862143000,,66,65,63,53
1403715562912143000,4401,1403715562912143000,,63,59,57,37
1403715562962143000,4402,1403715562962143000,,62,61,61,51
1403715563012143000,4403,1403715563012143000,,65,65,62,38
1403715563062143000,4404,1403715563062143000,,59,58,56,39
1403715563112143000,4405,1403715563112143000,,59,55,55,42
1403715563162143000,4406,1403715563162143000,,58,51,40,21
1403715563212143000,4407,1403715563212143000,,47,44,38,30
1403715563262143000,4408,1403715563262143000,,48,46,42,30
1403715563312143000,4409,1403715563312143000,,51,46,46,19
1403715563362143000,4410,1403715563362143000,,60,58,57,17
1403715563412143000,4411,1403715563412143000,,58,55,54,34
1403715563462143000,4412,1403715563462143000,,60,52,31,18
1403715563512143000,4413,1403715563512143000,,39,39,38,16
1403715563562143000,4414,1403715563562143000,,40,37,33,24
1403715563612143000,4415,1403715563612143000,,42,38,25,17
1403715563662143000,4416,1403715563662143000,,34,33,33,26
1403715563712143000,4417,1403715563712143000,,37,37,37,30
1403715563762143000,4418,1403715563762143000,,41,40,40,34
1403715563812143000,4419,1403715563812143000,,59,58,56,41
1403715563862143000,4420,1403715563862143000,,57,57,54,36
1403715563912143000,4421,1403715563912143000,,55,54,54,42
1403715563962143000,4422,1403715563962143000,,54,48,48,34
1403715564012143000,4423,1403715564012143000,,46,43,43,32
1403715564062143000,4424,1403715564062143000,,50,47,47,36
1403715564112143000,4425,1403715564112143000,,50,46,46,22
1403715564162143000,4426,1403715564162143000,,49,48,46,21
1403715564212143000,4427,1403715564212143000,,49,47,42,26
1403715564262143000,4428,1403715564262143000,,48,48,46,33
1403715564312143000,4429,1403715564312143000,,49,47,46,29
1403715564362143000,4430,1403715564362143000,,55,53,50,18
1403715564412143000,4431,1403715564412143000,,54,51,51,24
1403715564462143000,4432,1403715564462143000,,52,50,50,30
1403715564512143000,4433,1403715564512143000,,59,54,49,12
1403715564562143000,4434,1403715564562143000,,52,45,45,24
1403715564612143000,4435,1403715564612143000,,59,56,55,27
1403715564662143000,4436,1403715564662143000,,62,59,55,28
1403715564712143000,4437,1403715564712143000,,53,53,48,28
1403715564762143000,4438,1403715564762143000,,50,47,46,30
1403715564812143000,4439,1403715564812143000,,40,34,33,24
1403715564862143000,4440,1403715564862143000,,38,30,29,10
1403715564912143000,4441,1403715564912143000,,38,34,28,12
1403715564962143000,4442,1403715564962143000,,41,39,33,16
1403715565012143000,4443,1403715565012143000,,48,47,43,26
1403715565062143000,4444,1403715565062143000,,47,47,44,16
1403715565112143000,4445,1403715565112143000,,44,43,31,12
1403715565162143000,4446,1403715565162143000,,35,33,33,10
1403715565212143000,4447,1403715565212143000,,38,36,35,25
1403715565262143000,4448,1403715565262143000,,42,40,38,22
1403715565312143000,4449,1403715565312143000,,61,59,59,21
1403715565362143000,4450,1403715565362143000,,60,60,60,34
1403715565412143000,4451,1403715565412143000,,61,58,53,16
1403715565462143000,4452,1403715565462143000,,56,55,51,22
1403715565512143000,4453,1403715565512143000,,52,49,49,36
1403715565562143000,4454,1403715565562143000,,55,55,55,42
1403715565612143000,4455,1403715565612143000,,58,58,56,31
1403715565662143000,4456,1403715565662143000,,55,55,55,35
1403715565712143000,4457,1403715565712143000,,58,56,52,33
1403715565762143000,4458,1403715565762143000,,60,60,58,23
1403715565812143000,4459,1403715565812143000,,55,53,50,34
1403715565862143000,4460,1403715565862143000,,60,60,60,17
1403715565912143000,4461,1403715565912143000,,57,54,52,22
1403715565962143000,4462,1403715565962143000,,57,52,50,30
1403715566012143000,4463,1403715566012143000,,55,50,47,33
1403715566062143000,4464,1403715566062143000,,57,55,55,38
1403715566112143000,4465,1403715566112143000,,63,60,59,37
1403715566162143000,4466,1403715566162143000,,58,50,49,11
1403715566212143000,4467,1403715566212143000,,54,51,48,29
1403715566262143000,4468,1403715566262143000,,53,51,51,30
1403715566312143000,4469,1403715566312143000,,55,55,54,30
1403715566362143000,4470,1403715566362143000,,58,55,54,36
1403715566412143000,4471,1403715566412143000,,56,55,55,43
1403715566462143000,4472,1403715566462143000,,55,55,54,30
1403715566512143000,4473,1403715566512143000,,57,57,56,43
1403715566562143000,4474,1403715566562143000,,56,56,56,41
1403715566612143000,4475,1403715566612143000,,57,52,52,39
1403715566662143000,4476,1403715566662143000,,55,55,55,48
1403715566712143000,4477,1403715566712143000,,58,57,56,42
1403715566762143000,4478,1403715566762143000,,50,47,47,39
1403715566812143000,4479,1403715566812143000,,52,52,51,33
1403715566862143000,4480,1403715566862143000,,52,51,51,32
1403715566912143000,4481,1403715566912143000,,56,56,56,35
1403715566962143000,4482,1403715566962143000,,57,56,55,41
1403715567012143000,4483,1403715567012143000,,56,51,50,36
1403715567062143000,4484,1403715567062143000,,51,50,48,30
1403715567112143000,4485,1403715567112143000,,52,47,47,31
1403715567162143000,4486,1403715567162143000,,52,49,49,27
1403715567212143000,4487,1403715567212143000,,48,48,48,32
1403715567262143000,4488,1403715567262143000,,50,44,43,20
1403715567312143000,4489,1403715567312143000,,55,52,50,36
1403715567362143000,4490,1403715567362143000,,54,52,52,23
1403715567412143000,4491,1403715567412143000,,56,49,48,28
1403715567462143000,4492,1403715567462143000,,55,53,53,34
1403715567512143000,4493,1403715567512143000,,58,55,55,28
1403715567562143000,4494,1403715567562143000,,54,54,54,28
1403715567612143000,4495,1403715567612143000,,58,57,57,16
1403715567662143000,4496,1403715567662143000,,54,52,51,23
1403715567712143000,4497,1403715567712143000,,62,62,62,34
1403715567762143000,4498,1403715567762143000,,63,62,62,42
1403715567812143000,4499,1403715567812143000,,66,65,63,27
1403715567862143000,4500,1403715567862143000,,63,62,61,32
1403715567912143000,4501,1403715567912143000,,64,63,62,39
1403715567962143000,4502,1403715567962143000,,56,55,55,27
1403715568012143000,4503,1403715568012143000,,60,60,53,38
1403715568062143000,4504,1403715568062143000,,59,56,55,37
1403715568112143000,4505,1403715568112143000,,59,57,57,28
1403715568162143000,4506,1403715568162143000,,60,59,57,37
1403715568212143000,4507,1403715568212143000,,61,60,60,21
1403715568262143000,4508,1403715568262143000,,57,55,53,14
1403715568312143000,4509,1403715568312143000,,57,53,52,31
1403715568362143000,4510,1403715568362143000,,58,55,54,33
1403715568412143000,4511,1403715568412143000,,64,61,60,30
1403715568462143000,4512,1403715568462143000,,60,57,56,40
1403715568512143000,4513,1403715568512143000,,58,53,50,30
1403715568562143000,4514,1403715568562143000,,56,55,54,34
1403715568612143000,4515,1403715568612143000,,58,55,52,24
1403715568662143000,4516,1403715568662143000,,58,56,55,42
1403715568712143000,4517,1403715568712143000,,63,60,57,38
1403715568762143000,4518,1403715568762143000,,54,52,52,31
1403715568812143000,4519,1403715568812143000,,54,52,52,37
1403715568862143000,4520,1403715568862143000,,56,51,51,34
1403715568912143000,4521,1403715568912143000,,63,59,59,42
1403715568962143000,4522,1403715568962143000,,64,62,61,41
1403715569012143000,4523,1403715569012143000,,62,61,60,37
1403715569062143000,4524,1403715569062143000,,63,60,57,36
1403715569112143000,4525,1403715569112143000,,63,55,55,33
1403715569162143000,4526,1403715569162143000,,59,57,53,37
1403715569212143000,4527,1403715569212143000,,61,61,60,37
1403715569262143000,4528,1403715569262143000,,65,64,63,40
1403715569312143000,4529,1403715569312143000,,62,61,30,20
1403715569362143000,4530,1403715569362143000,,40,40,31,24
1403715569412143000,4531,1403715569412143000,,37,37,33,22
1403715569462143000,4532,1403715569462143000,,36,32,29,23
1403715569512143000,4533,1403715569512143000,,55,54,50,40
1403715569562143000,4534,1403715569562143000,,56,52,50,36
1403715569612143000,4535,1403715569612143000,,55,54,35,31
1403715569662143000,4536,1403715569662143000,,42,42,40,36
1403715569712143000,4537,1403715569712143000,,44,44,44,40
1403715569762143000,4538,1403715569762143000,,44,44,44,38
1403715569812143000,4539,1403715569812143000,,61,59,59,47
1403715569862143000,4540,1403715569862143000,,61,60,58,35
1403715569912143000,4541,1403715569912143000,,58,55,48,35
1403715569962143000,4542,1403715569962143000,,55,55,52,40
1403715570012143000,4543,1403715570012143000,,57,55,54,45
1403715570062143000,4544,1403715570062143000,,47,47,45,38
1403715570112143000,4545,1403715570112143000,,42,42,42,38
1403715570162143000,4546,1403715570162143000,,46,43,41,35
1403715570212143000,4547,1403715570212143000,,44,43,43,25
1403715570262143000,4548,1403715570262143000,,44,41,38,24
1403715570312143000,4549,1403715570312143000,,39,38,37,23
1403715570362143000,4550,1403715570362143000,,34,34,34,29
1403715570412143000,4551,1403715570412143000,,36,36,35,19
1403715570462143000,4552,1403715570462143000,,38,36,36,20
1403715570512143000,4553,1403715570512143000,,40,36,35,13
1403715570562143000,4554,1403715570562143000,,27,26,26,14
1403715570612143000,4555,1403715570612143000,,34,26,26,12
1403715570662143000,4556,1403715570662143000,,34,32,30,10
1403715570712143000,4557,1403715570712143000,,35,33,33,8
1403715570762143000,4558,1403715570762143000,,28,24,23,6
1403715570812143000,4559,1403715570812143000,,36,30,28,13
1403715570862143000,4560,1403715570862143000,,36,29,28,19
1403715570912143000,4561,1403715570912143000,,37,34,33,16
1403715570962143000,4562,1403715570962143000,,37,34,28,21
1403715571012143000,4563,1403715571012143000,,37,37,37,28
1403715571062143000,4564,1403715571062143000,,48,48,47,38
1403715571112143000,4565,1403715571112143000,,49,49,42,29
1403715571162143000,4566,1403715571162143000,,42,42,41,34
1403715571212143000,4567,1403715571212143000,,44,44,42,37
1403715571262143000,4568,1403715571262143000,,45,45,44,40
1403715571312143000,4569,1403715571312143000,,57,57,57,54
1403715571362143000,4570,1403715571362143000,,65,65,64,64
1403715571412143000,4571,1403715571412143000,,67,67,26,24
1403715571462143000,4572,1403715571462143000,,32,32,26,26
1403715571512143000,4573,1403715571512143000,,32,31,29,29
1403715571562143000,4574,1403715571562143000,,34,33,29,25
1403715571612143000,4575,1403715571612143000,,55,47,46,44
1403715571662143000,4576,1403715571662143000,,51,42,42,30
1403715571712143000,4577,1403715571712143000,,43,36,36,18
1403715571762143000,4578,1403715571762143000,,52,50,49,38
1403715571812143000,4579,1403715571812143000,,57,54,54,44
1403715571862143000,4580,1403715571862143000,,57,56,55,46
1403715571912143000,4581,1403715571912143000,,56,56,55,47
1403715571962143000,4582,1403715571962143000,,62,62,62,50
1403715572012143000,4583,1403715572012143000,,66,66,66,51
1403715572062143000,4584,1403715572062143000,,62,60,60,52
1403715572112143000,4585,1403715572112143000,,61,60,60,46
1403715572162143000,4586,1403715572162143000,,64,64,64,41
1403715572212143000,4587,1403715572212143000,,61,61,59,30
1403715572262143000,4588,1403715572262143000,,54,50,49,36
1403715572312143000,4589,1403715572312143000,,57,51,49,43
1403715572362143000,4590,1403715572362143000,,56,53,51,41
1403715572412143000,4591,1403715572412143000,,53,51,50,45
1403715572462143000,4592,1403715572462143000,,57,52,51,48
1403715572512143000,4593,1403715572512143000,,61,59,56,52
1403715572562143000,4594,1403715572562143000,,66,65,64,52
1403715572612143000,4595,1403715572612143000,,65,62,61,55
1403715572662143000,4596,1403715572662143000,,65,65,65,62
1403715572712143000,4597,1403715572712143000,,67,67,66,60
1403715572762143000,4598,1403715572762143000,,67,65,64,61
1403715572812143000,4599,1403715572812143000,,66,63,60,60
1403715572862143000,4600,1403715572862143000,,64,60,60,59
1403715572912143000,4601,1403715572912143000,,61,45,38,16
1403715572962143000,4602,1403715572962143000,,56,56,51,37
1403715573012143000,4603,1403715573012143000,,57,56,55,25
1403715573062143000,4604,1403715573062143000,,54,52,47,25
1403715573112143000,4605,1403715573112143000,,52,48,47,18
1403715573162143000,4606,1403715573162143000,,50,49,48,22
1403715573212143000,4607,1403715573212143000,,48,34,24,5
1403715573262143000,4608,1403715573262143000,,46,43,38,25
1403715573312143000,4609,1403715573312143000,,43,40,36,22
1403715573362143000,4610,1403715573362143000,,45,45,41,18
1403715573412143000,4611,1403715573412143000,,40,38,38,14
1403715573462143000,4612,1403715573462143000,,49,48,48,29
1403715573512143000,4613,1403715573512143000,,50,39,32,14
1403715573562143000,4614,1403715573562143000,,40,38,37,17
1403715573612143000,4615,1403715573612143000,,45,43,42,21
1403715573662143000,4616,1403715573662143000,,45,43,43,27
1403715573712143000,4617,1403715573712143000,,52,52,46,34
1403715573762143000,4618,1403715573762143000,,49,49,48,35
1403715573812143000,4619,1403715573812143000,,50,47,46,34
1403715573862143000,4620,1403715573862143000,,55,51,50,37
1403715573912143000,4621,1403715573912143000,,57,56,55,28
1403715573962143000,4622,1403715573962143000,,57,55,51,22
1403715574012143000,4623,1403715574012143000,,49,49,47,20
1403715574062143000,4624,1403715574062143000,,47,47,47,23
1403715574112143000,4625,1403715574112143000,,49,49,49,20
1403715574162143000,4626,1403715574162143000,,50,47,47,24
1403715574212143000,4627,1403715574212143000,,52,52,51,29
1403715574262143000,4628,1403715574262143000,,55,54,51,20
1403715574312143000,4629,1403715574312143000,,57,57,56,37
1403715574362143000,4630,1403715574362143000,,56,56,55,33
1403715574412143000,4631,1403715574412143000,,57,42,33,14
1403715574462143000,4632,1403715574462143000,,52,50,50,28
1403715574512143000,4633,1403715574512143000,,55,55,50,34
1403715574562143000,4634,1403715574562143000,,52,51,48,35
1403715574612143000,4635,1403715574612143000,,51,51,49,43
1403715574662143000,4636,1403715574662143000,,53,52,51,50
1403715574712143000,4637,1403715574712143000,,55,54,52,48
1403715574762143000,4638,1403715574762143000,,54,54,53,48
1403715574812143000,4639,1403715574812143000,,54,54,54,52
1403715574862143000,4640,1403715574862143000,,55,52,50,34
1403715574912143000,4641,1403715574912143000,,56,50,47,41
1403715574962143000,4642,1403715574962143000,,56,52,51,43
1403715575012143000,4643,1403715575012143000,,55,55,53,50
1403715575062143000,4644,1403715575062143000,,56,56,55,42
1403715575112143000,4645,1403715575112143000,,53,53,52,48
1403715575162143000,4646,1403715575162143000,,49,49,48,42
1403715575212143000,4647,1403715575212143000,,54,53,50,35
1403715575262143000,4648,1403715575262143000,,54,53,52,27
1403715575312143000,4649,1403715575312143000,,55,51,49,24
1403715575362143000,4650,1403715575362143000,,54,52,49,36
1403715575412143000,4651,1403715575412143000,,54,53,50,32
1403715575462143000,4652,1403715575462143000,,50,48,46,22
1403715575512143000,4653,1403715575512143000,,52,52,52,38
1403715575562143000,4654,1403715575562143000,,53,52,52,39
1403715575612143000,4655,1403715575612143000,,55,54,46,37
1403715575662143000,4656,1403715575662143000,,53,53,49,16
1403715575712143000,4657,1403715575712143000,,53,53,45,33
1403715575762143000,4658,1403715575762143000,,51,50,46,33
1403715575812143000,4659,1403715575812143000,,46,46,44,43
1403715575862143000,4660,1403715575862143000,,54,52,50,48
1403715575912143000,4661,1403715575912143000,,56,54,51,30
1403715575962143000,4662,1403715575962143000,,53,53,49,47
1403715576012143000,4663,1403715576012143000,,54,50,46,40
1403715576062143000,4664,1403715576062143000,,51,48,46,25
1403715576112143000,4665,1403715576112143000,,50,50,47,44
1403715576162143000,4666,1403715576162143000,,58,54,46,43
1403715576212143000,4667,1403715576212143000,,55,47,42,33
1403715576262143000,4668,1403715576262143000,,49,49,47,45
1403715576312143000,4669,1403715576312143000,,51,51,47,45
1403715576362143000,4670,1403715576362143000,,49,49,47,47
1403715576412143000,4671,1403715576412143000,,54,53,52,48
1403715576462143000,4672,1403715576462143000,,54,54,51,44
1403715576512143000,4673,1403715576512143000,,55,55,55,52
1403715576562143000,4674,1403715576562143000,,61,58,56,50
1403715576612143000,4675,1403715576612143000,,65,65,63,55
1403715576662143000,4676,1403715576662143000,,64,64,60,52
1403715576712143000,4677,1403715576712143000,,63,63,60,57
1403715576762143000,4678,1403715576762143000,,64,64,62,59
1403715576812143000,4679,1403715576812143000,,65,65,63,58
1403715576862143000,4680,1403715576862143000,,64,63,60,48
1403715576912143000,4681,1403715576912143000,,61,61,59,55
1403715576962143000,4682,1403715576962143000,,63,62,60,56
1403715577012143000,4683,1403715577012143000,,63,63,61,52
1403715577062143000,4684,1403715577062143000,,62,62,62,53
1403715577112143000,4685,1403715577112143000,,66,66,66,57
1403715577162143000,4686,1403715577162143000,,65,65,65,56
1403715577212143000,4687,1403715577212143000,,65,65,64,53
1403715577262143000,4688,1403715577262143000,,64,64,63,57
1403715577312143000,4689,1403715577312143000,,64,64,64,49
1403715577362143000,4690,1403715577362143000,,60,60,60,47
1403715577412143000,4691,1403715577412143000,,60,60,59,52
1403715577462143000,4692,1403715577462143000,,60,60,60,60
1403715577512143000,4693,1403715577512143000,,62,61,61,57
1403715577562143000,4694,1403715577562143000,,59,58,57,55
1403715577612143000,4695,1403715577612143000,,60,60,60,58
1403715577662143000,4696,1403715577662143000,,62,59,59,59
1403715577712143000,4697,1403715577712143000,,61,61,61,61
1403715577762143000,4698,1403715577762143000,,62,62,61,60
1403715577812143000,4699,1403715577812143000,,62,60,59,59
1403715577862143000,4700,1403715577862143000,,61,61,61,61
1403715577912143000,4701,1403715577912143000,,62,62,61,58
1403715577962143000,4702,1403715577962143000,,63,63,62,47
1403715578012143000,4703,1403715578012143000,,62,61,57,54
1403715578062143000,4704,1403715578062143000,,58,56,55,44
1403715578112143000,4705,1403715578112143000,,60,60,58,47
1403715578162143000,4706,1403715578162143000,,61,57,57,35
1403715578212143000,4707,1403715578212143000,,57,56,55,48
1403715578262143000,4708,1403715578262143000,,57,55,54,35
1403715578312143000,4709,1403715578312143000,,55,55,52,33
1403715578362143000,4710,1403715578362143000,,55,55,54,27
1403715578412143000,4711,1403715578412143000,,57,55,55,32
1403715578462143000,4712,1403715578462143000,,56,52,49,15
1403715578512143000,4713,1403715578512143000,,51,46,45,10
1403715578562143000,4714,1403715578562143000,,49,46,40,21
1403715578612143000,4715,1403715578612143000,,43,33,33,14
1403715578662143000,4716,1403715578662143000,,43,39,39,13
1403715578712143000,4717,1403715578712143000,,45,39,38,18
1403715578762143000,4718,1403715578762143000,,47,45,43,21
1403715578812143000,4719,1403715578812143000,,45,44,44,24
1403715578862143000,4720,1403715578862143000,,43,43,42,28
1403715578912143000,4721,1403715578912143000,,44,43,39,25
1403715578962143000,4722,1403715578962143000,,40,40,37,21
1403715579012143000,4723,1403715579012143000,,43,43,41,25
1403715579062143000,4724,1403715579062143000,,47,47,45,21
1403715579112143000,4725,1403715579112143000,,48,48,45,27
1403715579162143000,4726,1403715579162143000,,51,51,46,31
1403715579212143000,4727,1403715579212143000,,53,52,46,33
1403715579262143000,4728,1403715579262143000,,53,52,48,37
1403715579312143000,4729,1403715579312143000,,52,52,47,38
1403715579362143000,4730,1403715579362143000,,51,51,51,38
1403715579412143000,4731,1403715579412143000,,56,56,51,42
1403715579462143000,4732,1403715579462143000,,57,57,52,44
1403715579512143000,4733,1403715579512143000,,57,52,43,31
1403715579562143000,4734,1403715579562143000,,45,39,38,34
1403715579612143000,4735,1403715579612143000,,50,47,42,35
1403715579662143000,4736,1403715579662143000,,49,47,39,35
1403715579712143000,4737,1403715579712143000,,42,39,37,35
1403715579762143000,4738,1403715579762143000,,48,48,45,36
1403715579812143000,4739,1403715579812143000,,49,49,42,34
1403715579862143000,4740,1403715579862143000,,47,47,42,36
1403715579912143000,4741,1403715579912143000,,49,49,45,36
1403715579962143000,4742,1403715579962143000,,48,48,48,39
1403715580012143000,4743,1403715580012143000,,48,47,45,43
1403715580062143000,4744,1403715580062143000,,49,49,48,42
1403715580112143000,4745,1403715580112143000,,51,51,49,31
1403715580162143000,4746,1403715580162143000,,54,54,53,41
1403715580212143000,4747,1403715580212143000,,54,54,51,39
1403715580262143000,4748,1403715580262143000,,52,49,47,28
1403715580312143000,4749,1403715580312143000,,55,55,51,41
1403715580362143000,4750,1403715580362143000,,53,52,52,43
1403715580412143000,4751,1403715580412143000,,53,51,51,34
1403715580462143000,4752,1403715580462143000,,50,49,49,38
1403715580512143000,4753,1403715580512143000,,54,53,53,36
1403715580562143000,4754,1403715580562143000,,51,51,51,42
1403715580612143000,4755,1403715580612143000,,49,48,48,38
1403715580662143000,4756,1403715580662143000,,50,50,50,44
1403715580712143000,4757,1403715580712143000,,50,50,50,45
1403715580762143000,4758,1403715580762143000,,49,45,45,42
1403715580812143000,4759,1403715580812143000,,48,46,45,45
1403715580862143000,4760,1403715580862143000,,55,52,51,48
1403715580912143000,4761,1403715580912143000,,55,54,54,54
1403715580962143000,4762,1403715580962143000,,54,52,52,51
1403715581012143000,4763,1403715581012143000,,54,54,54,49
1403715581062143000,4764,1403715581062143000,,58,57,56,52
1403715581112143000,4765,1403715581112143000,,56,56,56,41
1403715581162143000,4766,1403715581162143000,,59,59,57,48
1403715581212143000,4767,1403715581212143000,,60,60,58,48
1403715581262143000,4768,1403715581262143000,,57,55,53,44
1403715581312143000,4769,1403715581312143000,,56,56,55,53
1403715581362143000,4770,1403715581362143000,,56,56,54,53
1403715581412143000,4771,1403715581412143000,,56,55,50,42
1403715581462143000,4772,1403715581462143000,,53,51,51,42
1403715581512143000,4773,1403715581512143000,,49,49,45,42
1403715581562143000,4774,1403715581562143000,,49,49,49,38
1403715581612143000,4775,1403715581612143000,,49,49,44,39
1403715581662143000,4776,1403715581662143000,,48,48,46,40
1403715581712143000,4777,1403715581712143000,,46,46,46,42
1403715581762143000,4778,1403715581762143000,,50,50,49,41
1403715581812143000,4779,1403715581812143000,,54,51,48,43
1403715581862143000,4780,1403715581862143000,,53,51,47,44
1403715581912143000,4781,1403715581912143000,,50,50,50,42
1403715581962143000,4782,1403715581962143000,,46,44,44,39
1403715582012143000,4783,1403715582012143000,,47,47,46,29
1403715582062143000,4784,1403715582062143000,,48,47,47,29
1403715582112143000,4785,1403715582112143000,,47,46,46,30
1403715582162143000,4786,1403715582162143000,,45,44,44,30
1403715582212143000,4787,1403715582212143000,,49,45,44,29
1403715582262143000,4788,1403715582262143000,,48,44,44,38
1403715582312143000,4789,1403715582312143000,,47,43,42,39
1403715582362143000,4790,1403715582362143000,,48,46,44,39
1403715582412143000,4791,1403715582412143000,,52,51,50,46
1403715582462143000,4792,1403715582462143000,,55,54,53,39
1403715582512143000,4793,1403715582512143000,,51,51,50,41
1403715582562143000,4794,1403715582562143000,,51,50,50,45
1403715582612143000,4795,1403715582612143000,,52,50,47,38
1403715582662143000,4796,1403715582662143000,,49,49,48,44
1403715582712143000,4797,1403715582712143000,,48,48,48,34
1403715582762143000,4798,1403715582762143000,,47,45,45,39
1403715582812143000,4799,1403715582812143000,,49,48,46,41
1403715582862143000,4800,1403715582862143000,,48,44,43,34
1403715582912143000,4801,1403715582912143000,,45,42,40,39
1403715582962143000,4802,1403715582962143000,,43,42,41,31
1403715583012143000,4803,1403715583012143000,,43,41,39,36
1403715583062143000,4804,1403715583062143000,,42,40,40,35
1403715583112143000,4805,1403715583112143000,,42,42,40,39
1403715583162143000,4806,1403715583162143000,,42,42,40,35
1403715583212143000,4807,1403715583212143000,,41,40,39,36
1403715583262143000,4808,1403715583262143000,,39,39,38,37
1403715583312143000,4809,1403715583312143000,,43,43,43,36
1403715583362143000,4810,1403715583362143000,,45,44,43,36
1403715583412143000,4811,1403715583412143000,,43,41,41,28
1403715583462143000,4812,1403715583462143000,,41,39,37,34
1403715583512143000,4813,1403715583512143000,,41,41,40,31
1403715583562143000,4814,1403715583562143000,,41,41,40,35
1403715583612143000,4815,1403715583612143000,,46,46,44,36
1403715583662143000,4816,1403715583662143000,,42,42,39,30
1403715583712143000,4817,1403715583712143000,,42,42,40,20
1403715583762143000,4818,1403715583762143000,,44,41,36,30
1403715583812143000,4819,1403715583812143000,,48,48,48,31
1403715583862143000,4820,1403715583862143000,,46,34,26,4
1403715583912143000,4821,1403715583912143000,,39,39,38,35
1403715583962143000,4822,1403715583962143000,,44,44,44,29
1403715584012143000,4823,1403715584012143000,,42,39,38,22
1403715584062143000,4824,1403715584062143000,,42,37,34,31
1403715584112143000,4825,1403715584112143000,,48,42,42,36
1403715584162143000,4826,1403715584162143000,,51,48,44,37
1403715584212143000,4827,1403715584212143000,,57,53,53,47
1403715584262143000,4828,1403715584262143000,,51,48,47,43
1403715584312143000,4829,1403715584312143000,,45,44,41,34
1403715584362143000,4830,1403715584362143000,,49,49,49,34
1403715584412143000,4831,1403715584412143000,,49,48,48,32
1403715584462143000,4832,1403715584462143000,,52,51,47,22
1403715584512143000,4833,1403715584512143000,,48,46,46,33
1403715584562143000,4834,1403715584562143000,,44,42,42,36
1403715584612143000,4835,1403715584612143000,,42,42,42,31
1403715584662143000,4836,1403715584662143000,,43,43,42,34
1403715584712143000,4837,1403715584712143000,,42,42,42,36
1403715584762143000,4838,1403715584762143000,,44,44,44,33
1403715584812143000,4839,1403715584812143000,,47,47,47,38
1403715584862143000,4840,1403715584862143000,,51,51,51,42
1403715584912143000,4841,1403715584912143000,,48,48,45,35
1403715584962143000,4842,1403715584962143000,,46,46,45,31
1403715585012143000,4843,1403715585012143000,,46,45,45,33
1403715585062143000,4844,1403715585062143000,,45,43,43,38
1403715585112143000,4845,1403715585112143000,,47,47,46,40
1403715585162143000,4846,1403715585162143000,,49,49,48,41
1403715585212143000,4847,1403715585212143000,,49,49,48,41
1403715585262143000,4848,1403715585262143000,,64,64,64,56
1403715585312143000,4849,1403715585312143000,,65,65,65,60
1403715585362143000,4850,1403715585362143000,,66,63,52,43
1403715585412143000,4851,1403715585412143000,,54,54,52,46
1403715585462143000,4852,1403715585462143000,,53,53,53,46
1403715585512143000,4853,1403715585512143000,,53,53,51,42
1403715585562143000,4854,1403715585562143000,,60,60,60,51
1403715585612143000,4855,1403715585612143000,,61,61,60,53
1403715585662143000,4856,1403715585662143000,,64,64,32,26
1403715585712143000,4857,1403715585712143000,,41,41,36,35
1403715585762143000,4858,1403715585762143000,,39,39,39,39
1403715585812143000,4859,1403715585812143000,,39,38,37,34
1403715585862143000,4860,1403715585862143000,,45,45,44,44
1403715585912143000,4861,1403715585912143000,,48,47,46,45
1403715585962143000,4862,1403715585962143000,,47,43,43,40
1403715586012143000,4863,1403715586012143000,,49,47,47,42
1403715586062143000,4864,1403715586062143000,,49,49,49,48
1403715586112143000,4865,1403715586112143000,,48,48,48,34
1403715586162143000,4866,1403715586162143000,,55,55,51,35
1403715586212143000,4867,1403715586212143000,,58,58,58,45
1403715586262143000,4868,1403715586262143000,,59,57,57,44
1403715586312143000,4869,1403715586312143000,,59,59,56,50
1403715586362143000,4870,1403715586362143000,,57,57,56,53
1403715586412143000,4871,1403715586412143000,,58,58,56,54
1403715586462143000,4872,1403715586462143000,,60,60,60,56
1403715586512143000,4873,1403715586512143000,,61,61,61,59
1403715586562143000,4874,1403715586562143000,,61,61,61,60
1403715586612143000,4875,1403715586612143000,,61,61,61,61
1403715586662143000,4876,1403715586662143000,,63,63,63,63
1403715586712143000,4877,1403715586712143000,,63,63,63,62
1403715586762143000,4878,1403715586762143000,,62,61,61,60
1403715586812143000,4879,1403715586812143000,,62,62,62,55
1403715586862143000,4880,1403715586862143000,,62,62,62,47
1403715586912143000,4881,1403715586912143000,,61,57,57,47
1403715586962143000,4882,1403715586962143000,,63,63,63,50
1403715587012143000,4883,1403715587012143000,,62,61,59,52
1403715587062143000,4884,1403715587062143000,,62,62,62,59
1403715587112143000,4885,1403715587112143000,,62,62,62,62
1403715587162143000,4886,1403715587162143000,,65,65,65,65
1403715587212143000,4887,1403715587212143000,,65,65,64,49
1403715587262143000,4888,1403715587262143000,,63,63,60,60
1403715587312143000,4889,1403715587312143000,,62,61,60,51
1403715587362143000,4890,1403715587362143000,,59,59,58,58
1403715587412143000,4891,1403715587412143000,,62,62,60,60
1403715587462143000,4892,1403715587462143000,,62,62,61,61
1403715587512143000,4893,1403715587512143000,,62,62,62,60
1403715587562143000,4894,1403715587562143000,,64,64,64,64
1403715587612143000,4895,1403715587612143000,,65,65,65,58
1403715587662143000,4896,1403715587662143000,,66,64,64,54
1403715587712143000,4897,1403715587712143000,,67,67,67,56
1403715587762143000,4898,1403715587762143000,,67,67,67,60
1403715587812143000,4899,1403715587812143000,,64,64,64,56
1403715587862143000,4900,1403715587862143000,,65,65,65,49
1403715587912143000,4901,1403715587912143000,,64,62,62,49
1403715587962143000,4902,1403715587962143000,,64,62,62,39
1403715588012143000,4903,1403715588012143000,,55,52,51,35
1403715588062143000,4904,1403715588062143000,,49,44,44,32
1403715588112143000,4905,1403715588112143000,,51,49,49,33
1403715588162143000,4906,1403715588162143000,,56,52,52,31
1403715588212143000,4907,1403715588212143000,,53,49,49,37
1403715588262143000,4908,1403715588262143000,,60,57,55,37
1403715588312143000,4909,1403715588312143000,,55,52,49,40
1403715588362143000,4910,1403715588362143000,,54,54,53,35
1403715588412143000,4911,1403715588412143000,,53,53,53,22
1403715588462143000,4912,1403715588462143000,,50,50,50,25
1403715588512143000,4913,1403715588512143000,,55,54,54,37
1403715588562143000,4914,1403715588562143000,,58,53,53,22
1403715588612143000,4915,1403715588612143000,,51,50,50,21
1403715588662143000,4916,1403715588662143000,,53,51,49,24
1403715588712143000,4917,1403715588712143000,,54,50,50,25
1403715588762143000,4918,1403715588762143000,,58,56,56,25
1403715588812143000,4919,1403715588812143000,,55,47,47,33
1403715588862143000,4920,1403715588862143000,,57,52,50,22
1403715588912143000,4921,1403715588912143000,,54,54,54,15
1403715588962143000,4922,1403715588962143000,,55,48,47,11
1403715589012143000,4923,1403715589012143000,,53,50,50,18
1403715589062143000,4924,1403715589062143000,,49,49,48,23
1403715589112143000,4925,1403715589112143000,,50,50,48,35
1403715589162143000,4926,1403715589162143000,,56,53,53,43
1403715589212143000,4927,1403715589212143000,,55,50,50,46
1403715589262143000,4928,1403715589262143000,,57,53,53,49
1403715589312143000,4929,1403715589312143000,,63,61,61,56
1403715589362143000,4930,1403715589362143000,,64,61,61,41
1403715589412143000,4931,1403715589412143000,,61,61,59,54
1403715589462143000,4932,1403715589462143000,,62,62,61,51
1403715589512143000,4933,1403715589512143000,,62,62,61,56
1403715589562143000,4934,1403715589562143000,,63,63,38,27
1403715589612143000,4935,1403715589612143000,,44,43,41,25
1403715589662143000,4936,1403715589662143000,,44,44,38,32
1403715589712143000,4937,1403715589712143000,,48,48,48,43
1403715589762143000,4938,1403715589762143000,,62,61,58,42
1403715589812143000,4939,1403715589812143000,,66,66,62,41
1403715589862143000,4940,1403715589862143000,,66,54,54,0
1403715589912143000,4941,1403715589912143000,,60,56,54,31
1403715589962143000,4942,1403715589962143000,,58,55,53,30
1403715590012143000,4943,1403715590012143000,,61,59,53,41
1403715590062143000,4944,1403715590062143000,,62,62,61,55
1403715590112143000,4945,1403715590112143000,,63,63,62,61
1403715590162143000,4946,1403715590162143000,,63,57,54,28
1403715590212143000,4947,1403715590212143000,,58,58,54,49
1403715590262143000,4948,1403715590262143000,,59,59,58,55
1403715590312143000,4949,1403715590312143000,,59,55,53,44
1403715590362143000,4950,1403715590362143000,,56,56,51,49
1403715590412143000,4951,1403715590412143000,,53,50,50,43
1403715590462143000,4952,1403715590462143000,,54,52,51,44
1403715590512143000,4953,1403715590512143000,,59,53,52,45
1403715590562143000,4954,1403715590562143000,,61,58,56,30
1403715590612143000,4955,1403715590612143000,,58,45,38,24
1403715590662143000,4956,1403715590662143000,,55,52,50,27
1403715590712143000,4957,1403715590712143000,,52,51,49,35
1403715590762143000,4958,1403715590762143000,,52,51,47,16
1403715590812143000,4959,1403715590812143000,,52,51,48,23
1403715590862143000,4960,1403715590862143000,,52,51,51,36
1403715590912143000,4961,1403715590912143000,,56,48,39,8
1403715590962143000,4962,1403715590962143000,,57,57,55,37
1403715591012143000,4963,1403715591012143000,,60,56,55,36
1403715591062143000,4964,1403715591062143000,,61,59,57,38
1403715591112143000,4965,1403715591112143000,,64,62,58,32
1403715591162143000,4966,1403715591162143000,,61,61,59,43
1403715591212143000,4967,1403715591212143000,,63,62,59,43
1403715591262143000,4968,1403715591262143000,,66,64,62,34
1403715591312143000,4969,1403715591312143000,,62,58,56,27
1403715591362143000,4970,1403715591362143000,,58,55,51,37
1403715591412143000,4971,1403715591412143000,,57,56,51,19
1403715591462143000,4972,1403715591462143000,,53,48,46,30
1403715591512143000,4973,1403715591512143000,,51,51,48,27
1403715591562143000,4974,1403715591562143000,,52,47,46,17
1403715591612143000,4975,1403715591612143000,,53,51,50,30
1403715591662143000,4976,1403715591662143000,,53,53,52,24
1403715591712143000,4977,1403715591712143000,,61,61,59,37
1403715591762143000,4978,1403715591762143000,,64,64,59,44
1403715591812143000,4979,1403715591812143000,,61,59,55,39
1403715591862143000,4980,1403715591862143000,,59,57,56,38
1403715591912143000,4981,1403715591912143000,,60,59,59,48
1403715591962143000,4982,1403715591962143000,,60,57,57,45
1403715592012143000,4983,1403715592012143000,,59,56,56,52
1403715592062143000,4984,1403715592062143000,,62,59,59,54
1403715592112143000,4985,1403715592112143000,,60,55,52,36
1403715592162143000,4986,1403715592162143000,,55,52,51,45
1403715592212143000,4987,1403715592212143000,,59,55,55,44
1403715592262143000,4988,1403715592262143000,,58,55,54,48
1403715592312143000,4989,1403715592312143000,,61,58,51,42
1403715592362143000,4990,1403715592362143000,,56,53,53,50
1403715592412143000,4991,1403715592412143000,,65,60,60,30
1403715592462143000,4992,1403715592462143000,,59,58,56,52
1403715592512143000,4993,1403715592512143000,,62,62,61,49
1403715592562143000,4994,1403715592562143000,,61,59,56,40
1403715592612143000,4995,1403715592612143000,,58,54,50,36
1403715592662143000,4996,1403715592662143000,,57,57,55,46
1403715592712143000,4997,1403715592712143000,,61,58,55,45
1403715592762143000,4998,1403715592762143000,,61,59,58,37
1403715592812143000,4999,1403715592812143000,,57,57,54,33
1403715592862143000,5000,1403715592862143000,,51,48,48,33
1403715592912143000,5001,1403715592912143000,,58,55,48,38
1403715592962143000,5002,1403715592962143000,,60,54,51,35
1403715593012143000,5003,1403715593012143000,,50,47,47,32
1403715593062143000,5004,1403715593062143000,,50,46,42,31
1403715593112143000,5005,1403715593112143000,,48,47,45,15
1403715593162143000,5006,1403715593162143000,,56,56,51,20
1403715593212143000,5007,1403715593212143000,,54,51,49,23
1403715593262143000,5008,1403715593262143000,,46,45,42,29
1403715593312143000,5009,1403715593312143000,,50,44,43,28
1403715593362143000,5010,1403715593362143000,,51,48,48,27
1403715593412143000,5011,1403715593412143000,,50,42,41,29
1403715593462143000,5012,1403715593462143000,,48,45,43,29
1403715593512143000,5013,1403715593512143000,,53,53,53,41
1403715593562143000,5014,1403715593562143000,,56,56,51,32
1403715593612143000,5015,1403715593612143000,,53,52,47,33
1403715593662143000,5016,1403715593662143000,,49,46,44,34
1403715593712143000,5017,1403715593712143000,,51,47,44,36
1403715593762143000,5018,1403715593762143000,,50,44,43,30
1403715593812143000,5019,1403715593812143000,,47,43,43,35
1403715593862143000,5020,1403715593862143000,,44,44,44,36
1403715593912143000,5021,1403715593912143000,,45,43,43,36
1403715593962143000,5022,1403715593962143000,,50,48,48,39
1403715594012143000,5023,1403715594012143000,,56,53,53,44
1403715594062143000,5024,1403715594062143000,,56,53,47,34
1403715594112143000,5025,1403715594112143000,,54,52,51,43
1403715594162143000,5026,1403715594162143000,,56,54,54,44
1403715594212143000,5027,1403715594212143000,,56,54,53,47
1403715594262143000,5028,1403715594262143000,,56,54,51,45
1403715594312143000,5029,1403715594312143000,,53,53,53,42
1403715594362143000,5030,1403715594362143000,,54,54,54,50
1403715594412143000,5031,1403715594412143000,,59,59,59,38
1403715594462143000,5032,1403715594462143000,,54,54,54,37
1403715594512143000,5033,1403715594512143000,,56,56,56,41
1403715594562143000,5034,1403715594562143000,,59,58,56,46
1403715594612143000,5035,1403715594612143000,,56,55,53,43
1403715594662143000,5036,1403715594662143000,,61,60,57,26
1403715594712143000,5037,1403715594712143000,,57,55,55,42
1403715594762143000,5038,1403715594762143000,,57,54,54,35
1403715594812143000,5039,1403715594812143000,,58,56,55,31
1403715594862143000,5040,1403715594862143000,,59,54,52,31
1403715594912143000,5041,1403715594912143000,,58,57,57,31
1403715594962143000,5042,1403715594962143000,,59,57,55,35
1403715595012143000,5043,1403715595012143000,,60,58,55,26
1403715595062143000,5044,1403715595062143000,,60,59,56,29
1403715595112143000,5045,1403715595112143000,,60,59,59,29
1403715595162143000,5046,1403715595162143000,,63,59,53,42
1403715595212143000,5047,1403715595212143000,,62,59,58,37
1403715595262143000,5048,1403715595262143000,,63,60,59,39
1403715595312143000,5049,1403715595312143000,,65,61,61,39
1403715595362143000,5050,1403715595362143000,,64,60,60,45
1403715595412143000,5051,1403715595412143000,,66,65,64,45
1403715595462143000,5052,1403715595462143000,,65,65,63,42
1403715595512143000,5053,1403715595512143000,,63,63,60,44
1403715595562143000,5054,1403715595562143000,,64,62,58,49
1403715595612143000,5055,1403715595612143000,,64,61,61,36
1403715595662143000,5056,1403715595662143000,,60,59,59,44
1403715595712143000,5057,1403715595712143000,,60,59,57,44
1403715595762143000,5058,1403715595762143000,,64,60,57,24
1403715595812143000,5059,1403715595812143000,,56,55,54,33
1403715595862143000,5060,1403715595862143000,,62,53,49,25
1403715595912143000,5061,1403715595912143000,,56,52,50,36
1403715595962143000,5062,1403715595962143000,,60,55,52,39
1403715596012143000,5063,1403715596012143000,,59,55,55,28
1403715596062143000,5064,1403715596062143000,,60,56,54,41
1403715596112143000,5065,1403715596112143000,,58,57,57,41
1403715596162143000,5066,1403715596162143000,,62,61,60,48
1403715596212143000,5067,1403715596212143000,,59,58,58,39
1403715596262143000,5068,1403715596262143000,,58,56,56,48
1403715596312143000,5069,1403715596312143000,,61,56,56,30
1403715596362143000,5070,1403715596362143000,,61,55,55,47
1403715596412143000,5071,1403715596412143000,,59,59,59,44
1403715596462143000,5072,1403715596462143000,,60,59,59,41
1403715596512143000,5073,1403715596512143000,,63,61,61,33
1403715596562143000,5074,1403715596562143000,,60,55,55,48
1403715596612143000,5075,1403715596612143000,,62,57,54,38
1403715596662143000,5076,1403715596662143000,,63,59,59,53
1403715596712143000,5077,1403715596712143000,,67,63,63,54
1403715596762143000,5078,1403715596762143000,,64,62,62,45
1403715596812143000,5079,1403715596812143000,,64,63,63,46
1403715596862143000,5080,1403715596862143000,,64,60,57,45
1403715596912143000,5081,1403715596912143000,,64,57,57,46
1403715596962143000,5082,1403715596962143000,,63,58,58,33
1403715597012143000,5083,1403715597012143000,,64,58,58,37
1403715597062143000,5084,1403715597062143000,,61,61,60,46
1403715597112143000,5085,1403715597112143000,,64,64,61,58
1403715597162143000,5086,1403715597162143000,,64,63,62,53
1403715597212143000,5087,1403715597212143000,,65,63,61,43
1403715597262143000,5088,1403715597262143000,,59,57,54,38
1403715597312143000,5089,1403715597312143000,,61,55,53,38
1403715597362143000,5090,1403715597362143000,,59,41,40,15
1403715597412143000,5091,1403715597412143000,,57,55,54,33
1403715597462143000,5092,1403715597462143000,,59,58,57,37
1403715597512143000,5093,1403715597512143000,,61,59,59,44
1403715597562143000,5094,1403715597562143000,,63,59,59,43
1403715597612143000,5095,1403715597612143000,,60,60,59,47
1403715597662143000,5096,1403715597662143000,,60,60,54,41
1403715597712143000,5097,1403715597712143000,,50,50,50,23
1403715597762143000,5098,1403715597762143000,,51,49,44,34
1403715597812143000,5099,1403715597812143000,,49,47,43,19
1403715597862143000,5100,1403715597862143000,,47,47,43,39
1403715597912143000,5101,1403715597912143000,,49,48,47,46
1403715597962143000,5102,1403715597962143000,,53,50,49,40
1403715598012143000,5103,1403715598012143000,,53,53,53,46
1403715598062143000,5104,1403715598062143000,,51,50,47,38
1403715598112143000,5105,1403715598112143000,,53,52,52,40
1403715598162143000,5106,1403715598162143000,,54,50,50,38
1403715598212143000,5107,1403715598212143000,,52,52,52,41
1403715598262143000,5108,1403715598262143000,,54,54,54,42
1403715598312143000,5109,1403715598312143000,,50,50,49,38
1403715598362143000,5110,1403715598362143000,,48,48,47,36
1403715598412143000,5111,1403715598412143000,,48,34,26,17
1403715598462143000,5112,1403715598462143000,,41,40,36,33
1403715598512143000,5113,1403715598512143000,,44,41,41,32
1403715598562143000,5114,1403715598562143000,,42,42,42,34
1403715598612143000,5115,1403715598612143000,,50,50,49,42
1403715598662143000,5116,1403715598662143000,,49,46,46,42
1403715598712143000,5117,1403715598712143000,,48,45,43,30
1403715598762143000,5118,1403715598762143000,,46,46,45,29
1403715598812143000,5119,1403715598812143000,,50,50,50,35
1403715598862143000,5120,1403715598862143000,,51,45,45,32
1403715598912143000,5121,1403715598912143000,,51,50,49,37
1403715598962143000,5122,1403715598962143000,,51,49,49,31
1403715599012143000,5123,1403715599012143000,,54,53,53,48
1403715599062143000,5124,1403715599062143000,,57,57,57,56
1403715599112143000,5125,1403715599112143000,,58,58,58,58
1403715599162143000,5126,1403715599162143000,,58,58,57,55
1403715599212143000,5127,1403715599212143000,,57,57,57,53
1403715599262143000,5128,1403715599262143000,,59,59,59,54
1403715599312143000,5129,1403715599312143000,,56,56,56,49
1403715599362143000,5130,1403715599362143000,,57,53,53,46
1403715599412143000,5131,1403715599412143000,,52,50,49,48
1403715599462143000,5132,1403715599462143000,,53,50,50,50
1403715599512143000,5133,1403715599512143000,,52,52,52,52
1403715599562143000,5134,1403715599562143000,,54,54,54,53
1403715599612143000,5135,1403715599612143000,,54,54,53,53
1403715599662143000,5136,1403715599662143000,,56,56,55,51
1403715599712143000,5137,1403715599712143000,,55,55,55,43
1403715599762143000,5138,1403715599762143000,,55,55,55,48
1403715599812143000,5139,1403715599812143000,,54,54,54,26
1403715599862143000,5140,1403715599862143000,,47,47,47,37
1403715599912143000,5141,1403715599912143000,,50,50,48,41
1403715599962143000,5142,1403715599962143000,,47,47,44,38
1403715600012143000,5143,1403715600012143000,,44,43,43,37
1403715600062143000,5144,1403715600062143000,,51,50,45,28
1403715600112143000,5145,1403715600112143000,,50,44,44,42
1403715600162143000,5146,1403715600162143000,,52,48,48,47
1403715600212143000,5147,1403715600212143000,,51,50,50,46
1403715600262143000,5148,1403715600262143000,,50,50,50,48
1403715600312143000,5149,1403715600312143000,,52,52,52,48
1403715600362143000,5150,1403715600362143000,,54,54,53,42
1403715600412143000,5151,1403715600412143000,,56,56,56,35
1403715600462143000,5152,1403715600462143000,,56,55,54,23
1403715600512143000,5153,1403715600512143000,,54,50,50,19
1403715600562143000,5154,1403715600562143000,,54,53,53,19
1403715600612143000,5155,1403715600612143000,,56,53,53,14
1403715600662143000,5156,1403715600662143000,,53,51,50,11
1403715600712143000,5157,1403715600712143000,,55,53,53,28
1403715600762143000,5158,1403715600762143000,,57,57,57,26
1403715600812143000,5159,1403715600812143000,,58,58,58,35
1403715600862143000,5160,1403715600862143000,,60,58,57,38
1403715600912143000,5161,1403715600912143000,,59,57,52,39
1403715600962143000,5162,1403715600962143000,,59,56,55,34
1403715601012143000,5163,1403715601012143000,,52,52,52,27
1403715601062143000,5164,1403715601062143000,,60,60,55,50
1403715601112143000,5165,1403715601112143000,,63,63,62,56
1403715601162143000,5166,1403715601162143000,,65,64,63,59
1403715601212143000,5167,1403715601212143000,,66,66,63,59
1403715601262143000,5168,1403715601262143000,,63,63,61,59
1403715601312143000,5169,1403715601312143000,,64,64,61,49
1403715601362143000,5170,1403715601362143000,,60,60,60,54
1403715601412143000,5171,1403715601412143000,,59,59,56,44
1403715601462143000,5172,1403715601462143000,,60,60,55,52
1403715601512143000,5173,1403715601512143000,,60,60,57,53
1403715601562143000,5174,1403715601562143000,,60,60,60,56
1403715601612143000,5175,1403715601612143000,,58,56,54,53
1403715601662143000,5176,1403715601662143000,,59,58,58,53
1403715601712143000,5177,1403715601712143000,,61,61,59,56
1403715601762143000,5178,1403715601762143000,,61,61,59,51
1403715601812143000,5179,1403715601812143000,,59,57,54,51
1403715601862143000,5180,1403715601862143000,,58,58,53,49
1403715601912143000,5181,1403715601912143000,,58,58,58,42
1403715601962143000,5182,1403715601962143000,,59,59,59,44
1403715602012143000,5183,1403715602012143000,,61,51,37,12
1403715602062143000,5184,1403715602062143000,,51,50,47,33
1403715602112143000,5185,1403715602112143000,,45,45,44,31
1403715602162143000,5186,1403715602162143000,,48,48,43,27
1403715602212143000,5187,1403715602212143000,,55,55,55,34
1403715602262143000,5188,1403715602262143000,,56,56,56,45
1403715602312143000,5189,1403715602312143000,,60,60,60,51
1403715602362143000,5190,1403715602362143000,,61,61,61,50
1403715602412143000,5191,1403715602412143000,,59,58,58,48
1403715602462143000,5192,1403715602462143000,,59,57,57,45
1403715602512143000,5193,1403715602512143000,,59,58,58,51
1403715602562143000,5194,1403715602562143000,,58,58,57,46
1403715602612143000,5195,1403715602612143000,,57,57,57,31
1403715602662143000,5196,1403715602662143000,,54,54,53,38
1403715602712143000,5197,1403715602712143000,,61,61,61,37
1403715602762143000,5198,1403715602762143000,,62,62,62,34
1403715602812143000,5199,1403715602812143000,,63,61,61,35
1403715602862143000,5200,1403715602862143000,,62,62,61,31
1403715602912143000,5201,1403715602912143000,,59,54,54,25
1403715602962143000,5202,1403715602962143000,,62,60,58,24
1403715603012143000,5203,1403715603012143000,,61,61,59,44
1403715603062143000,5204,1403715603062143000,,59,58,58,32
1403715603112143000,5205,1403715603112143000,,60,58,58,38
1403715603162143000,5206,1403715603162143000,,62,62,62,33
1403715603212143000,5207,1403715603212143000,,59,59,57,30
1403715603262143000,5208,1403715603262143000,,55,54,54,33
1403715603312143000,5209,1403715603312143000,,59,59,59,37
1403715603362143000,5210,1403715603362143000,,57,57,56,37
1403715603412143000,5211,1403715603412143000,,58,58,57,46
1403715603462143000,5212,1403715603462143000,,59,59,57,50
1403715603512143000,5213,1403715603512143000,,56,56,54,50
1403715603562143000,5214,1403715603562143000,,59,57,54,50
1403715603612143000,5215,1403715603612143000,,60,56,56,40
1403715603662143000,5216,1403715603662143000,,58,57,56,56
1403715603712143000,5217,1403715603712143000,,60,59,58,56
1403715603762143000,5218,1403715603762143000,,63,63,61,50
1403715603812143000,5219,1403715603812143000,,60,60,53,52
1403715603862143000,5220,1403715603862143000,,60,59,58,57
1403715603912143000,5221,1403715603912143000,,59,56,51,38
1403715603962143000,5222,1403715603962143000,,51,47,43,39
1403715604012143000,5223,1403715604012143000,,50,45,38,31
1403715604062143000,5224,1403715604062143000,,44,42,38,35
1403715604112143000,5225,1403715604112143000,,47,45,44,38
1403715604162143000,5226,1403715604162143000,,46,45,43,37
1403715604212143000,5227,1403715604212143000,,45,45,44,40
1403715604262143000,5228,1403715604262143000,,44,44,43,42
1403715604312143000,5229,1403715604312143000,,45,45,44,43
1403715604362143000,5230,1403715604362143000,,46,46,45,45
1403715604412143000,5231,1403715604412143000,,47,47,43,42
1403715604462143000,5232,1403715604462143000,,43,43,43,42
1403715604512143000,5233,1403715604512143000,,45,45,43,43
1403715604562143000,5234,1403715604562143000,,44,44,44,39
1403715604612143000,5235,1403715604612143000,,42,42,42,39
1403715604662143000,5236,1403715604662143000,,43,43,42,40
1403715604712143000,5237,1403715604712143000,,43,43,41,36
1403715604762143000,5238,1403715604762143000,,45,45,45,42
1403715604812143000,5239,1403715604812143000,,44,44,43,43
1403715604862143000,5240,1403715604862143000,,44,44,44,43
1403715604912143000,5241,1403715604912143000,,45,45,44,41
1403715604962143000,5242,1403715604962143000,,44,42,42,41
1403715605012143000,5243,1403715605012143000,,47,45,41,37
1403715605062143000,5244,1403715605062143000,,44,44,43,42
1403715605112143000,5245,1403715605112143000,,46,46,45,44
1403715605162143000,5246,1403715605162143000,,45,45,43,43
1403715605212143000,5247,1403715605212143000,,46,46,44,44
1403715605262143000,5248,1403715605262143000,,48,48,47,46
1403715605312143000,5249,1403715605312143000,,50,50,48,48
1403715605362143000,5250,1403715605362143000,,50,50,48,46
1403715605412143000,5251,1403715605412143000,,50,50,48,48
1403715605462143000,5252,1403715605462143000,,52,52,52,52
1403715605512143000,5253,1403715605512143000,,53,52,49,46
1403715605562143000,5254,1403715605562143000,,46,43,43,41
1403715605612143000,5255,1403715605612143000,,46,42,41,41
1403715605662143000,5256,1403715605662143000,,45,43,43,42
1403715605712143000,5257,1403715605712143000,,46,45,43,40
1403715605762143000,5258,1403715605762143000,,45,45,43,42
1403715605812143000,5259,1403715605812143000,,45,43,41,32
1403715605862143000,5260,1403715605862143000,,41,40,40,39
1403715605912143000,5261,1403715605912143000,,47,47,43,30
1403715605962143000,5262,1403715605962143000,,44,44,43,39
1403715606012143000,5263,1403715606012143000,,46,46,42,34
1403715606062143000,5264,1403715606062143000,,41,41,40,36
1403715606112143000,5265,1403715606112143000,,41,39,36,34
1403715606162143000,5266,1403715606162143000,,40,39,36,35
1403715606212143000,5267,1403715606212143000,,38,38,38,30
1403715606262143000,5268,1403715606262143000,,39,37,33,28
1403715606312143000,5269,1403715606312143000,,36,36,33,31
1403715606362143000,5270,1403715606362143000,,37,37,34,34
1403715606412143000,5271,1403715606412143000,,39,39,35,35
1403715606462143000,5272,1403715606462143000,,35,35,34,33
1403715606512143000,5273,1403715606512143000,,37,37,34,31
1403715606562143000,5274,1403715606562143000,,40,40,36,36
1403715606612143000,5275,1403715606612143000,,42,42,36,35
1403715606662143000,5276,1403715606662143000,,37,37,34,33
1403715606712143000,5277,1403715606712143000,,39,39,35,32
1403715606762143000,5278,1403715606762143000,,41,41,38,38
1403715606812143000,5279,1403715606812143000,,38,38,35,34
1403715606862143000,5280,1403715606862143000,,35,35,32,28
1403715606912143000,5281,1403715606912143000,,37,37,34,26
1403715606962143000,5282,1403715606962143000,,33,33,27,27
1403715607012143000,5283,1403715607012143000,,34,33,30,26
1403715607062143000,5284,1403715607062143000,,32,29,26,26
1403715607112143000,5285,1403715607112143000,,30,28,27,25
1403715607162143000,5286,1403715607162143000,,29,27,27,25
1403715607212143000,5287,1403715607212143000,,29,28,25,21
1403715607262143000,5288,1403715607262143000,,31,31,29,24
1403715607312143000,5289,1403715607312143000,,30,29,20,18
1403715607362143000,5290,1403715607362143000,,24,24,21,19
1403715607412143000,5291,1403715607412143000,,26,26,23,19
1403715607462143000,5292,1403715607462143000,,29,29,26,23
1403715607512143000,5293,1403715607512143000,,29,29,28,22
1403715607562143000,5294,1403715607562143000,,31,31,27,21
1403715607612143000,5295,1403715607612143000,,35,35,32,22
1403715607662143000,5296,1403715607662143000,,36,36,31,22
1403715607712143000,5297,1403715607712143000,,33,33,31,25
1403715607762143000,5298,1403715607762143000,,36,36,28,21
1403715607812143000,5299,1403715607812143000,,31,30,21,15
1403715607862143000,5300,1403715607862143000,,24,24,21,16
1403715607912143000,5301,1403715607912143000,,25,25,23,17
1403715607962143000,5302,1403715607962143000,,24,24,23,20
1403715608012143000,5303,1403715608012143000,,28,28,25,19
1403715608062143000,5304,1403715608062143000,,27,27,24,22
1403715608112143000,5305,1403715608112143000,,26,25,22,16
1403715608162143000,5306,1403715608162143000,,27,27,19,18
1403715608212143000,5307,1403715608212143000,,29,29,23,22
1403715608262143000,5308,1403715608262143000,,28,28,28,26
1403715608312143000,5309,1403715608312143000,,32,32,25,24
1403715608362143000,5310,1403715608362143000,,26,26,25,25
1403715608412143000,5311,1403715608412143000,,33,33,28,27
1403715608462143000,5312,1403715608462143000,,32,32,26,26
1403715608512143000,5313,1403715608512143000,,30,30,28,28
1403715608562143000,5314,1403715608562143000,,30,30,28,28
1403715608612143000,5315,1403715608612143000,,31,31,29,29
1403715608662143000,5316,1403715608662143000,,33,33,31,31
1403715608712143000,5317,1403715608712143000,,34,34,29,28
1403715608762143000,5318,1403715608762143000,,28,28,23,22
1403715608812143000,5319,1403715608812143000,,26,26,24,23
1403715608862143000,5320,1403715608862143000,,30,30,28,28
1403715608912143000,5321,1403715608912143000,,31,31,25,24
1403715608962143000,5322,1403715608962143000,,30,30,23,21
1403715609012143000,5323,1403715609012143000,,29,29,23,20
1403715609062143000,5324,1403715609062143000,,25,25,19,18
1403715609112143000,5325,1403715609112143000,,27,27,23,21
1403715609162143000,5326,1403715609162143000,,33,33,25,20
1403715609212143000,5327,1403715609212143000,,30,30,25,21
1403715609262143000,5328,1403715609262143000,,33,33,24,21
1403715609312143000,5329,1403715609312143000,,27,27,23,21
1403715609362143000,5330,1403715609362143000,,28,28,20,19
